"","fixed_acidity","volatile_acidity","citric_acid","residual_sugar","chlorides","free_sulfur_dioxide","total_sulfur_dioxide","density","pH","sulphates","alcohol","high_quality","citric.acid"
"1",7.4,0.7,NA,1.9,0.076,11,34,0.9978,3.51,0.56,9.4,0,0
"2",7.8,0.88,NA,2.6,0.098,25,67,0.9968,3.2,0.68,9.8,0,0
"3",7.8,0.76,0.04,2.3,0.092,15,54,0.997,3.26,0.65,9.8,0,0.04
"4",11.2,0.28,0.56,1.9,0.075,17,60,0.998,3.16,0.58,9.8,1,0.56
"5",7.4,0.7,NA,1.9,0.076,11,34,0.9978,3.51,0.56,9.4,0,0
"6",7.4,0.66,NA,1.8,0.075,13,40,0.9978,3.51,0.56,9.4,0,0
"7",7.9,0.6,0.06,1.6,0.069,15,59,0.9964,3.3,0.46,9.4,0,0.06
"8",7.3,0.65,NA,1.2,0.065,15,21,0.9946,3.39,0.47,10,1,0
"9",7.8,0.58,0.02,2,0.073,9,18,0.9968,3.36,0.57,9.5,1,0.02
"10",7.5,0.5,0.36,6.1,0.071,17,102,0.9978,3.35,0.8,10.5,0,0.36
"11",6.7,0.58,0.08,1.8,0.097,15,65,0.9959,3.28,0.54,9.2,0,0.08
"12",7.5,0.5,0.36,6.1,0.071,17,102,0.9978,3.35,0.8,10.5,0,0.36
"13",5.6,0.615,NA,1.6,0.089,16,59,0.9943,3.58,0.52,9.9,0,0
"14",7.8,0.61,0.29,1.6,0.114,9,29,0.9974,3.26,1.56,9.1,0,0.29
"15",8.9,0.62,0.18,3.8,0.176,52,145,0.9986,3.16,0.88,9.2,0,0.18
"16",8.9,0.62,0.19,3.9,0.17,51,148,0.9986,3.17,0.93,9.2,0,0.19
"17",8.5,0.28,0.56,1.8,0.092,35,103,0.9969,3.3,0.75,10.5,1,0.56
"18",8.1,0.56,0.28,1.7,0.368,16,56,0.9968,3.11,1.28,9.3,0,0.28
"19",7.4,0.59,0.08,4.4,0.086,6,29,0.9974,3.38,0.5,9,0,0.08
"20",7.9,0.32,0.51,1.8,0.341,17,56,0.9969,3.04,1.08,9.2,1,0.51
"21",8.9,0.22,0.48,1.8,0.077,29,60,0.9968,3.39,0.53,9.4,1,0.48
"22",7.6,0.39,0.31,2.3,0.082,23,71,0.9982,3.52,0.65,9.7,0,0.31
"23",7.9,0.43,0.21,1.6,0.106,10,37,0.9966,3.17,0.91,9.5,0,0.21
"24",8.5,0.49,0.11,2.3,0.084,9,67,0.9968,3.17,0.53,9.4,0,0.11
"25",6.9,0.4,0.14,2.4,0.085,21,40,0.9968,3.43,0.63,9.7,1,0.14
"26",6.3,0.39,0.16,1.4,0.08,11,23,0.9955,3.34,0.56,9.3,0,0.16
"27",7.6,0.41,0.24,1.8,0.08,4,11,0.9962,3.28,0.59,9.5,0,0.24
"28",7.9,0.43,0.21,1.6,0.106,10,37,0.9966,3.17,0.91,9.5,0,0.21
"29",7.1,0.71,NA,1.9,0.08,14,35,0.9972,3.47,0.55,9.4,0,0
"30",7.8,0.645,NA,2,0.082,8,16,0.9964,3.38,0.59,9.8,1,0
"31",6.7,0.675,0.07,2.4,0.089,17,82,0.9958,3.35,0.54,10.1,0,0.07
"32",6.9,0.685,NA,2.5,0.105,22,37,0.9966,3.46,0.57,10.6,1,0
"33",8.3,0.655,0.12,2.3,0.083,15,113,0.9966,3.17,0.66,9.8,0,0.12
"34",6.9,0.605,0.12,10.7,0.073,40,83,0.9993,3.45,0.52,9.4,1,0.12
"35",5.2,0.32,0.25,1.8,0.103,13,50,0.9957,3.38,0.55,9.2,0,0.25
"36",7.8,0.645,NA,5.5,0.086,5,18,0.9986,3.4,0.55,9.6,1,0
"37",7.8,0.6,0.14,2.4,0.086,3,15,0.9975,3.42,0.6,10.8,1,0.14
"38",8.1,0.38,0.28,2.1,0.066,13,30,0.9968,3.23,0.73,9.7,1,0.28
"39",5.7,1.13,0.09,1.5,0.172,7,19,0.994,3.5,0.48,9.8,0,0.09
"40",7.3,0.45,0.36,5.9,0.074,12,87,0.9978,3.33,0.83,10.5,0,0.36
"41",7.3,0.45,0.36,5.9,0.074,12,87,0.9978,3.33,0.83,10.5,0,0.36
"42",8.8,0.61,0.3,2.8,0.088,17,46,0.9976,3.26,0.51,9.3,0,0.3
"43",7.5,0.49,0.2,2.6,0.332,8,14,0.9968,3.21,0.9,10.5,1,0.2
"44",8.1,0.66,0.22,2.2,0.069,9,23,0.9968,3.3,1.2,10.3,0,0.22
"45",6.8,0.67,0.02,1.8,0.05,5,11,0.9962,3.48,0.52,9.5,0,0.02
"46",4.6,0.52,0.15,2.1,0.054,8,65,0.9934,3.9,0.56,13.1,0,0.15
"47",7.7,0.935,0.43,2.2,0.114,22,114,0.997,3.25,0.73,9.2,0,0.43
"48",8.7,0.29,0.52,1.6,0.113,12,37,0.9969,3.25,0.58,9.5,0,0.52
"49",6.4,0.4,0.23,1.6,0.066,5,12,0.9958,3.34,0.56,9.2,0,0.23
"50",5.6,0.31,0.37,1.4,0.074,12,96,0.9954,3.32,0.58,9.2,0,0.37
"51",8.8,0.66,0.26,1.7,0.074,4,23,0.9971,3.15,0.74,9.2,0,0.26
"52",6.6,0.52,0.04,2.2,0.069,8,15,0.9956,3.4,0.63,9.4,1,0.04
"53",6.6,0.5,0.04,2.1,0.068,6,14,0.9955,3.39,0.64,9.4,1,0.04
"54",8.6,0.38,0.36,3,0.081,30,119,0.997,3.2,0.56,9.4,0,0.36
"55",7.6,0.51,0.15,2.8,0.11,33,73,0.9955,3.17,0.63,10.2,1,0.15
"56",7.7,0.62,0.04,3.8,0.084,25,45,0.9978,3.34,0.53,9.5,0,0.04
"57",10.2,0.42,0.57,3.4,0.07,4,10,0.9971,3.04,0.63,9.6,0,0.57
"58",7.5,0.63,0.12,5.1,0.111,50,110,0.9983,3.26,0.77,9.4,0,0.12
"59",7.8,0.59,0.18,2.3,0.076,17,54,0.9975,3.43,0.59,10,0,0.18
"60",7.3,0.39,0.31,2.4,0.074,9,46,0.9962,3.41,0.54,9.4,1,0.31
"61",8.8,0.4,0.4,2.2,0.079,19,52,0.998,3.44,0.64,9.2,0,0.4
"62",7.7,0.69,0.49,1.8,0.115,20,112,0.9968,3.21,0.71,9.3,0,0.49
"63",7.5,0.52,0.16,1.9,0.085,12,35,0.9968,3.38,0.62,9.5,1,0.16
"64",7,0.735,0.05,2,0.081,13,54,0.9966,3.39,0.57,9.8,0,0.05
"65",7.2,0.725,0.05,4.65,0.086,4,11,0.9962,3.41,0.39,10.9,0,0.05
"66",7.2,0.725,0.05,4.65,0.086,4,11,0.9962,3.41,0.39,10.9,0,0.05
"67",7.5,0.52,0.11,1.5,0.079,11,39,0.9968,3.42,0.58,9.6,0,0.11
"68",6.6,0.705,0.07,1.6,0.076,6,15,0.9962,3.44,0.58,10.7,0,0.07
"69",9.3,0.32,0.57,2,0.074,27,65,0.9969,3.28,0.79,10.7,0,0.57
"70",8,0.705,0.05,1.9,0.074,8,19,0.9962,3.34,0.95,10.5,1,0.05
"71",7.7,0.63,0.08,1.9,0.076,15,27,0.9967,3.32,0.54,9.5,1,0.08
"72",7.7,0.67,0.23,2.1,0.088,17,96,0.9962,3.32,0.48,9.5,0,0.23
"73",7.7,0.69,0.22,1.9,0.084,18,94,0.9961,3.31,0.48,9.5,0,0.22
"74",8.3,0.675,0.26,2.1,0.084,11,43,0.9976,3.31,0.53,9.2,0,0.26
"75",9.7,0.32,0.54,2.5,0.094,28,83,0.9984,3.28,0.82,9.6,0,0.54
"76",8.8,0.41,0.64,2.2,0.093,9,42,0.9986,3.54,0.66,10.5,0,0.64
"77",8.8,0.41,0.64,2.2,0.093,9,42,0.9986,3.54,0.66,10.5,0,0.64
"78",6.8,0.785,NA,2.4,0.104,14,30,0.9966,3.52,0.55,10.7,1,0
"79",6.7,0.75,0.12,2,0.086,12,80,0.9958,3.38,0.52,10.1,0,0.12
"80",8.3,0.625,0.2,1.5,0.08,27,119,0.9972,3.16,1.12,9.1,0,0.2
"81",6.2,0.45,0.2,1.6,0.069,3,15,0.9958,3.41,0.56,9.2,0,0.2
"82",7.8,0.43,0.7,1.9,0.464,22,67,0.9974,3.13,1.28,9.4,0,0.7
"83",7.4,0.5,0.47,2,0.086,21,73,0.997,3.36,0.57,9.1,0,0.47
"84",7.3,0.67,0.26,1.8,0.401,16,51,0.9969,3.16,1.14,9.4,0,0.26
"85",6.3,0.3,0.48,1.8,0.069,18,61,0.9959,3.44,0.78,10.3,1,0.48
"86",6.9,0.55,0.15,2.2,0.076,19,40,0.9961,3.41,0.59,10.1,0,0.15
"87",7.7,0.49,0.26,1.9,0.062,9,31,0.9966,3.39,0.64,9.6,0,0.26
"88",9.3,0.39,0.44,2.1,0.107,34,125,0.9978,3.14,1.22,9.5,0,0.44
"89",7,0.62,0.08,1.8,0.076,8,24,0.9978,3.48,0.53,9,0,0.08
"90",7.9,0.52,0.26,1.9,0.079,42,140,0.9964,3.23,0.54,9.5,0,0.26
"91",7.7,0.49,0.26,1.9,0.062,9,31,0.9966,3.39,0.64,9.6,0,0.26
"92",5,1.02,0.04,1.4,0.045,41,85,0.9938,3.75,0.48,10.5,0,0.04
"93",4.7,0.6,0.17,2.3,0.058,17,106,0.9932,3.85,0.6,12.9,1,0.17
"94",6.8,0.775,NA,3,0.102,8,23,0.9965,3.45,0.56,10.7,0,0
"95",7,0.5,0.25,2,0.07,3,22,0.9963,3.25,0.63,9.2,0,0.25
"96",7.6,0.9,0.06,2.5,0.079,5,10,0.9967,3.39,0.56,9.8,0,0.06
"97",8.1,0.545,0.18,1.9,0.08,13,35,0.9972,3.3,0.59,9,1,0.18
"98",8.3,0.61,0.3,2.1,0.084,11,50,0.9972,3.4,0.61,10.2,1,0.3
"99",7.8,0.5,0.3,1.9,0.075,8,22,0.9959,3.31,0.56,10.4,1,0.3
"100",8.1,0.545,0.18,1.9,0.08,13,35,0.9972,3.3,0.59,9,1,0.18
"101",8.1,0.575,0.22,2.1,0.077,12,65,0.9967,3.29,0.51,9.2,0,0.22
"102",7.2,0.49,0.24,2.2,0.07,5,36,0.996,3.33,0.48,9.4,0,0.24
"103",8.1,0.575,0.22,2.1,0.077,12,65,0.9967,3.29,0.51,9.2,0,0.22
"104",7.8,0.41,0.68,1.7,0.467,18,69,0.9973,3.08,1.31,9.3,0,0.68
"105",6.2,0.63,0.31,1.7,0.088,15,64,0.9969,3.46,0.79,9.3,0,0.31
"106",8,0.33,0.53,2.5,0.091,18,80,0.9976,3.37,0.8,9.6,1,0.53
"107",8.1,0.785,0.52,2,0.122,37,153,0.9969,3.21,0.69,9.3,0,0.52
"108",7.8,0.56,0.19,1.8,0.104,12,47,0.9964,3.19,0.93,9.5,0,0.19
"109",8.4,0.62,0.09,2.2,0.084,11,108,0.9964,3.15,0.66,9.8,0,0.09
"110",8.4,0.6,0.1,2.2,0.085,14,111,0.9964,3.15,0.66,9.8,0,0.1
"111",10.1,0.31,0.44,2.3,0.08,22,46,0.9988,3.32,0.67,9.7,1,0.44
"112",7.8,0.56,0.19,1.8,0.104,12,47,0.9964,3.19,0.93,9.5,0,0.19
"113",9.4,0.4,0.31,2.2,0.09,13,62,0.9966,3.07,0.63,10.5,1,0.31
"114",8.3,0.54,0.28,1.9,0.077,11,40,0.9978,3.39,0.61,10,1,0.28
"115",7.8,0.56,0.12,2,0.082,7,28,0.997,3.37,0.5,9.4,1,0.12
"116",8.8,0.55,0.04,2.2,0.119,14,56,0.9962,3.21,0.6,10.9,1,0.04
"117",7,0.69,0.08,1.8,0.097,22,89,0.9959,3.34,0.54,9.2,1,0.08
"118",7.3,1.07,0.09,1.7,0.178,10,89,0.9962,3.3,0.57,9,0,0.09
"119",8.8,0.55,0.04,2.2,0.119,14,56,0.9962,3.21,0.6,10.9,1,0.04
"120",7.3,0.695,NA,2.5,0.075,3,13,0.998,3.49,0.52,9.2,0,0
"121",8,0.71,NA,2.6,0.08,11,34,0.9976,3.44,0.53,9.5,0,0
"122",7.8,0.5,0.17,1.6,0.082,21,102,0.996,3.39,0.48,9.5,0,0.17
"123",9,0.62,0.04,1.9,0.146,27,90,0.9984,3.16,0.7,9.4,0,0.04
"124",8.2,1.33,NA,1.7,0.081,3,12,0.9964,3.53,0.49,10.9,0,0
"125",8.1,1.33,NA,1.8,0.082,3,12,0.9964,3.54,0.48,10.9,0,0
"126",8,0.59,0.16,1.8,0.065,3,16,0.9962,3.42,0.92,10.5,1,0.16
"127",6.1,0.38,0.15,1.8,0.072,6,19,0.9955,3.42,0.57,9.4,0,0.15
"128",8,0.745,0.56,2,0.118,30,134,0.9968,3.24,0.66,9.4,0,0.56
"129",5.6,0.5,0.09,2.3,0.049,17,99,0.9937,3.63,0.63,13,0,0.09
"130",5.6,0.5,0.09,2.3,0.049,17,99,0.9937,3.63,0.63,13,0,0.09
"131",6.6,0.5,0.01,1.5,0.06,17,26,0.9952,3.4,0.58,9.8,1,0.01
"132",7.9,1.04,0.05,2.2,0.084,13,29,0.9959,3.22,0.55,9.9,1,0.05
"133",8.4,0.745,0.11,1.9,0.09,16,63,0.9965,3.19,0.82,9.6,0,0.11
"134",8.3,0.715,0.15,1.8,0.089,10,52,0.9968,3.23,0.77,9.5,0,0.15
"135",7.2,0.415,0.36,2,0.081,13,45,0.9972,3.48,0.64,9.2,0,0.36
"136",7.8,0.56,0.19,2.1,0.081,15,105,0.9962,3.33,0.54,9.5,0,0.19
"137",7.8,0.56,0.19,2,0.081,17,108,0.9962,3.32,0.54,9.5,0,0.19
"138",8.4,0.745,0.11,1.9,0.09,16,63,0.9965,3.19,0.82,9.6,0,0.11
"139",8.3,0.715,0.15,1.8,0.089,10,52,0.9968,3.23,0.77,9.5,0,0.15
"140",5.2,0.34,NA,1.8,0.05,27,63,0.9916,3.68,0.79,14,1,0
"141",6.3,0.39,0.08,1.7,0.066,3,20,0.9954,3.34,0.58,9.4,0,0.08
"142",5.2,0.34,NA,1.8,0.05,27,63,0.9916,3.68,0.79,14,1,0
"143",8.1,0.67,0.55,1.8,0.117,32,141,0.9968,3.17,0.62,9.4,0,0.55
"144",5.8,0.68,0.02,1.8,0.087,21,94,0.9944,3.54,0.52,10,0,0.02
"145",7.6,0.49,0.26,1.6,0.236,10,88,0.9968,3.11,0.8,9.3,0,0.26
"146",6.9,0.49,0.1,2.3,0.074,12,30,0.9959,3.42,0.58,10.2,1,0.1
"147",8.2,0.4,0.44,2.8,0.089,11,43,0.9975,3.53,0.61,10.5,1,0.44
"148",7.3,0.33,0.47,2.1,0.077,5,11,0.9958,3.33,0.53,10.3,1,0.47
"149",7.5,0.6,0.03,1.8,0.095,25,99,0.995,3.35,0.54,10.1,0,0.03
"150",7.5,0.6,0.03,1.8,0.095,25,99,0.995,3.35,0.54,10.1,0,0.03
"151",7.1,0.43,0.42,5.5,0.07,29,129,0.9973,3.42,0.72,10.5,1,0.42
"152",7.1,0.43,0.42,5.5,0.071,28,128,0.9973,3.42,0.71,10.5,0,0.42
"153",7.1,0.43,0.42,5.5,0.07,29,129,0.9973,3.42,0.72,10.5,0,0.42
"154",7.1,0.43,0.42,5.5,0.071,28,128,0.9973,3.42,0.71,10.5,0,0.42
"155",7.1,0.68,NA,2.2,0.073,12,22,0.9969,3.48,0.5,9.3,0,0
"156",6.8,0.6,0.18,1.9,0.079,18,86,0.9968,3.59,0.57,9.3,1,0.18
"157",7.6,0.95,0.03,2,0.09,7,20,0.9959,3.2,0.56,9.6,0,0.03
"158",7.6,0.68,0.02,1.3,0.072,9,20,0.9965,3.17,1.08,9.2,0,0.02
"159",7.8,0.53,0.04,1.7,0.076,17,31,0.9964,3.33,0.56,10,1,0.04
"160",7.4,0.6,0.26,7.3,0.07,36,121,0.9982,3.37,0.49,9.4,0,0.26
"161",7.3,0.59,0.26,7.2,0.07,35,121,0.9981,3.37,0.49,9.4,0,0.26
"162",7.8,0.63,0.48,1.7,0.1,14,96,0.9961,3.19,0.62,9.5,0,0.48
"163",6.8,0.64,0.1,2.1,0.085,18,101,0.9956,3.34,0.52,10.2,0,0.1
"164",7.3,0.55,0.03,1.6,0.072,17,42,0.9956,3.37,0.48,9,0,0.03
"165",6.8,0.63,0.07,2.1,0.089,11,44,0.9953,3.47,0.55,10.4,1,0.07
"166",7.5,0.705,0.24,1.8,0.36,15,63,0.9964,3,1.59,9.5,0,0.24
"167",7.9,0.885,0.03,1.8,0.058,4,8,0.9972,3.36,0.33,9.1,0,0.03
"168",8,0.42,0.17,2,0.073,6,18,0.9972,3.29,0.61,9.2,1,0.17
"169",8,0.42,0.17,2,0.073,6,18,0.9972,3.29,0.61,9.2,1,0.17
"170",7.4,0.62,0.05,1.9,0.068,24,42,0.9961,3.42,0.57,11.5,1,0.05
"171",7.3,0.38,0.21,2,0.08,7,35,0.9961,3.33,0.47,9.5,0,0.21
"172",6.9,0.5,0.04,1.5,0.085,19,49,0.9958,3.35,0.78,9.5,0,0.04
"173",7.3,0.38,0.21,2,0.08,7,35,0.9961,3.33,0.47,9.5,0,0.21
"174",7.5,0.52,0.42,2.3,0.087,8,38,0.9972,3.58,0.61,10.5,1,0.42
"175",7,0.805,NA,2.5,0.068,7,20,0.9969,3.48,0.56,9.6,0,0
"176",8.8,0.61,0.14,2.4,0.067,10,42,0.9969,3.19,0.59,9.5,0,0.14
"177",8.8,0.61,0.14,2.4,0.067,10,42,0.9969,3.19,0.59,9.5,0,0.14
"178",8.9,0.61,0.49,2,0.27,23,110,0.9972,3.12,1.02,9.3,0,0.49
"179",7.2,0.73,0.02,2.5,0.076,16,42,0.9972,3.44,0.52,9.3,0,0.02
"180",6.8,0.61,0.2,1.8,0.077,11,65,0.9971,3.54,0.58,9.3,0,0.2
"181",6.7,0.62,0.21,1.9,0.079,8,62,0.997,3.52,0.58,9.3,1,0.21
"182",8.9,0.31,0.57,2,0.111,26,85,0.9971,3.26,0.53,9.7,0,0.57
"183",7.4,0.39,0.48,2,0.082,14,67,0.9972,3.34,0.55,9.2,0,0.48
"184",7.7,0.705,0.1,2.6,0.084,9,26,0.9976,3.39,0.49,9.7,0,0.1
"185",7.9,0.5,0.33,2,0.084,15,143,0.9968,3.2,0.55,9.5,0,0.33
"186",7.9,0.49,0.32,1.9,0.082,17,144,0.9968,3.2,0.55,9.5,0,0.32
"187",8.2,0.5,0.35,2.9,0.077,21,127,0.9976,3.23,0.62,9.4,0,0.35
"188",6.4,0.37,0.25,1.9,0.074,21,49,0.9974,3.57,0.62,9.8,1,0.25
"189",6.8,0.63,0.12,3.8,0.099,16,126,0.9969,3.28,0.61,9.5,0,0.12
"190",7.6,0.55,0.21,2.2,0.071,7,28,0.9964,3.28,0.55,9.7,0,0.21
"191",7.6,0.55,0.21,2.2,0.071,7,28,0.9964,3.28,0.55,9.7,0,0.21
"192",7.8,0.59,0.33,2,0.074,24,120,0.9968,3.25,0.54,9.4,0,0.33
"193",7.3,0.58,0.3,2.4,0.074,15,55,0.9968,3.46,0.59,10.2,0,0.3
"194",11.5,0.3,0.6,2,0.067,12,27,0.9981,3.11,0.97,10.1,1,0.6
"195",5.4,0.835,0.08,1.2,0.046,13,93,0.9924,3.57,0.85,13,1,0.08
"196",6.9,1.09,0.06,2.1,0.061,12,31,0.9948,3.51,0.43,11.4,0,0.06
"197",9.6,0.32,0.47,1.4,0.056,9,24,0.99695,3.22,0.82,10.3,1,0.47
"198",8.8,0.37,0.48,2.1,0.097,39,145,0.9975,3.04,1.03,9.3,0,0.48
"199",6.8,0.5,0.11,1.5,0.075,16,49,0.99545,3.36,0.79,9.5,0,0.11
"200",7,0.42,0.35,1.6,0.088,16,39,0.9961,3.34,0.55,9.2,0,0.35
"201",7,0.43,0.36,1.6,0.089,14,37,0.99615,3.34,0.56,9.2,1,0.36
"202",12.8,0.3,0.74,2.6,0.095,9,28,0.9994,3.2,0.77,10.8,1,0.74
"203",12.8,0.3,0.74,2.6,0.095,9,28,0.9994,3.2,0.77,10.8,1,0.74
"204",7.8,0.57,0.31,1.8,0.069,26,120,0.99625,3.29,0.53,9.3,0,0.31
"205",7.8,0.44,0.28,2.7,0.1,18,95,0.9966,3.22,0.67,9.4,0,0.28
"206",11,0.3,0.58,2.1,0.054,7,19,0.998,3.31,0.88,10.5,1,0.58
"207",9.7,0.53,0.6,2,0.039,5,19,0.99585,3.3,0.86,12.4,1,0.6
"208",8,0.725,0.24,2.8,0.083,10,62,0.99685,3.35,0.56,10,1,0.24
"209",11.6,0.44,0.64,2.1,0.059,5,15,0.998,3.21,0.67,10.2,1,0.64
"210",8.2,0.57,0.26,2.2,0.06,28,65,0.9959,3.3,0.43,10.1,0,0.26
"211",7.8,0.735,0.08,2.4,0.092,10,41,0.9974,3.24,0.71,9.8,1,0.08
"212",7,0.49,0.49,5.6,0.06,26,121,0.9974,3.34,0.76,10.5,0,0.49
"213",8.7,0.625,0.16,2,0.101,13,49,0.9962,3.14,0.57,11,0,0.16
"214",8.1,0.725,0.22,2.2,0.072,11,41,0.9967,3.36,0.55,9.1,0,0.22
"215",7.5,0.49,0.19,1.9,0.076,10,44,0.9957,3.39,0.54,9.7,0,0.19
"216",7.8,0.53,0.33,2.4,0.08,24,144,0.99655,3.3,0.6,9.5,0,0.33
"217",7.8,0.34,0.37,2,0.082,24,58,0.9964,3.34,0.59,9.4,1,0.37
"218",7.4,0.53,0.26,2,0.101,16,72,0.9957,3.15,0.57,9.4,0,0.26
"219",6.8,0.61,0.04,1.5,0.057,5,10,0.99525,3.42,0.6,9.5,0,0.04
"220",8.6,0.645,0.25,2,0.083,8,28,0.99815,3.28,0.6,10,1,0.25
"221",8.4,0.635,0.36,2,0.089,15,55,0.99745,3.31,0.57,10.4,0,0.36
"222",7.7,0.43,0.25,2.6,0.073,29,63,0.99615,3.37,0.58,10.5,1,0.25
"223",8.9,0.59,0.5,2,0.337,27,81,0.9964,3.04,1.61,9.5,1,0.5
"224",9,0.82,0.14,2.6,0.089,9,23,0.9984,3.39,0.63,9.8,0,0.14
"225",7.7,0.43,0.25,2.6,0.073,29,63,0.99615,3.37,0.58,10.5,1,0.25
"226",6.9,0.52,0.25,2.6,0.081,10,37,0.99685,3.46,0.5,11,0,0.25
"227",5.2,0.48,0.04,1.6,0.054,19,106,0.9927,3.54,0.62,12.2,1,0.04
"228",8,0.38,0.06,1.8,0.078,12,49,0.99625,3.37,0.52,9.9,1,0.06
"229",8.5,0.37,0.2,2.8,0.09,18,58,0.998,3.34,0.7,9.6,1,0.2
"230",6.9,0.52,0.25,2.6,0.081,10,37,0.99685,3.46,0.5,11,0,0.25
"231",8.2,1,0.09,2.3,0.065,7,37,0.99685,3.32,0.55,9,1,0.09
"232",7.2,0.63,NA,1.9,0.097,14,38,0.99675,3.37,0.58,9,1,0
"233",7.2,0.63,NA,1.9,0.097,14,38,0.99675,3.37,0.58,9,1,0
"234",7.2,0.645,NA,1.9,0.097,15,39,0.99675,3.37,0.58,9.2,1,0
"235",7.2,0.63,NA,1.9,0.097,14,38,0.99675,3.37,0.58,9,1,0
"236",8.2,1,0.09,2.3,0.065,7,37,0.99685,3.32,0.55,9,1,0.09
"237",8.9,0.635,0.37,1.7,0.263,5,62,0.9971,3,1.09,9.3,0,0.37
"238",12,0.38,0.56,2.1,0.093,6,24,0.99925,3.14,0.71,10.9,1,0.56
"239",7.7,0.58,0.1,1.8,0.102,28,109,0.99565,3.08,0.49,9.8,1,0.1
"240",15,0.21,0.44,2.2,0.075,10,24,1.00005,3.07,0.84,9.2,1,0.44
"241",15,0.21,0.44,2.2,0.075,10,24,1.00005,3.07,0.84,9.2,1,0.44
"242",7.3,0.66,NA,2,0.084,6,23,0.9983,3.61,0.96,9.9,1,0
"243",7.1,0.68,0.07,1.9,0.075,16,51,0.99685,3.38,0.52,9.5,0,0.07
"244",8.2,0.6,0.17,2.3,0.072,11,73,0.9963,3.2,0.45,9.3,0,0.17
"245",7.7,0.53,0.06,1.7,0.074,9,39,0.99615,3.35,0.48,9.8,1,0.06
"246",7.3,0.66,NA,2,0.084,6,23,0.9983,3.61,0.96,9.9,1,0
"247",10.8,0.32,0.44,1.6,0.063,16,37,0.9985,3.22,0.78,10,1,0.44
"248",7.1,0.6,NA,1.8,0.074,16,34,0.9972,3.47,0.7,9.9,1,0
"249",11.1,0.35,0.48,3.1,0.09,5,21,0.9986,3.17,0.53,10.5,0,0.48
"250",7.7,0.775,0.42,1.9,0.092,8,86,0.9959,3.23,0.59,9.5,0,0.42
"251",7.1,0.6,NA,1.8,0.074,16,34,0.9972,3.47,0.7,9.9,1,0
"252",8,0.57,0.23,3.2,0.073,17,119,0.99675,3.26,0.57,9.3,0,0.23
"253",9.4,0.34,0.37,2.2,0.075,5,13,0.998,3.22,0.62,9.2,0,0.37
"254",6.6,0.695,NA,2.1,0.075,12,56,0.9968,3.49,0.67,9.2,0,0
"255",7.7,0.41,0.76,1.8,0.611,8,45,0.9968,3.06,1.26,9.4,0,0.76
"256",10,0.31,0.47,2.6,0.085,14,33,0.99965,3.36,0.8,10.5,1,0.47
"257",7.9,0.33,0.23,1.7,0.077,18,45,0.99625,3.29,0.65,9.3,0,0.23
"258",7,0.975,0.04,2,0.087,12,67,0.99565,3.35,0.6,9.4,0,0.04
"259",8,0.52,0.03,1.7,0.07,10,35,0.99575,3.34,0.57,10,0,0.03
"260",7.9,0.37,0.23,1.8,0.077,23,49,0.9963,3.28,0.67,9.3,0,0.23
"261",12.5,0.56,0.49,2.4,0.064,5,27,0.9999,3.08,0.87,10.9,0,0.49
"262",11.8,0.26,0.52,1.8,0.071,6,10,0.9968,3.2,0.72,10.2,1,0.52
"263",8.1,0.87,NA,3.3,0.096,26,61,1.00025,3.6,0.72,9.8,0,0
"264",7.9,0.35,0.46,3.6,0.078,15,37,0.9973,3.35,0.86,12.8,1,0.46
"265",6.9,0.54,0.04,3,0.077,7,27,0.9987,3.69,0.91,9.4,1,0.04
"266",11.5,0.18,0.51,4,0.104,4,23,0.9996,3.28,0.97,10.1,1,0.51
"267",7.9,0.545,0.06,4,0.087,27,61,0.9965,3.36,0.67,10.7,1,0.06
"268",11.5,0.18,0.51,4,0.104,4,23,0.9996,3.28,0.97,10.1,1,0.51
"269",10.9,0.37,0.58,4,0.071,17,65,0.99935,3.22,0.78,10.1,0,0.58
"270",8.4,0.715,0.2,2.4,0.076,10,38,0.99735,3.31,0.64,9.4,0,0.2
"271",7.5,0.65,0.18,7,0.088,27,94,0.99915,3.38,0.77,9.4,0,0.18
"272",7.9,0.545,0.06,4,0.087,27,61,0.9965,3.36,0.67,10.7,1,0.06
"273",6.9,0.54,0.04,3,0.077,7,27,0.9987,3.69,0.91,9.4,1,0.04
"274",11.5,0.18,0.51,4,0.104,4,23,0.9996,3.28,0.97,10.1,1,0.51
"275",10.3,0.32,0.45,6.4,0.073,5,13,0.9976,3.23,0.82,12.6,1,0.45
"276",8.9,0.4,0.32,5.6,0.087,10,47,0.9991,3.38,0.77,10.5,1,0.32
"277",11.4,0.26,0.44,3.6,0.071,6,19,0.9986,3.12,0.82,9.3,1,0.44
"278",7.7,0.27,0.68,3.5,0.358,5,10,0.9972,3.25,1.08,9.9,1,0.68
"279",7.6,0.52,0.12,3,0.067,12,53,0.9971,3.36,0.57,9.1,0,0.12
"280",8.9,0.4,0.32,5.6,0.087,10,47,0.9991,3.38,0.77,10.5,1,0.32
"281",9.9,0.59,0.07,3.4,0.102,32,71,1.00015,3.31,0.71,9.8,0,0.07
"282",9.9,0.59,0.07,3.4,0.102,32,71,1.00015,3.31,0.71,9.8,0,0.07
"283",12,0.45,0.55,2,0.073,25,49,0.9997,3.1,0.76,10.3,1,0.55
"284",7.5,0.4,0.12,3,0.092,29,53,0.9967,3.37,0.7,10.3,1,0.12
"285",8.7,0.52,0.09,2.5,0.091,20,49,0.9976,3.34,0.86,10.6,1,0.09
"286",11.6,0.42,0.53,3.3,0.105,33,98,1.001,3.2,0.95,9.2,0,0.53
"287",8.7,0.52,0.09,2.5,0.091,20,49,0.9976,3.34,0.86,10.6,1,0.09
"288",11,0.2,0.48,2,0.343,6,18,0.9979,3.3,0.71,10.5,0,0.48
"289",10.4,0.55,0.23,2.7,0.091,18,48,0.9994,3.22,0.64,10.3,1,0.23
"290",6.9,0.36,0.25,2.4,0.098,5,16,0.9964,3.41,0.6,10.1,1,0.25
"291",13.3,0.34,0.52,3.2,0.094,17,53,1.0014,3.05,0.81,9.5,1,0.52
"292",10.8,0.5,0.46,2.5,0.073,5,27,1.0001,3.05,0.64,9.5,0,0.46
"293",10.6,0.83,0.37,2.6,0.086,26,70,0.9981,3.16,0.52,9.9,0,0.37
"294",7.1,0.63,0.06,2,0.083,8,29,0.99855,3.67,0.73,9.6,0,0.06
"295",7.2,0.65,0.02,2.3,0.094,5,31,0.9993,3.67,0.8,9.7,0,0.02
"296",6.9,0.67,0.06,2.1,0.08,8,33,0.99845,3.68,0.71,9.6,0,0.06
"297",7.5,0.53,0.06,2.6,0.086,20,44,0.9965,3.38,0.59,10.7,1,0.06
"298",11.1,0.18,0.48,1.5,0.068,7,15,0.9973,3.22,0.64,10.1,1,0.48
"299",8.3,0.705,0.12,2.6,0.092,12,28,0.9994,3.51,0.72,10,0,0.12
"300",7.4,0.67,0.12,1.6,0.186,5,21,0.996,3.39,0.54,9.5,0,0.12
"301",8.4,0.65,0.6,2.1,0.112,12,90,0.9973,3.2,0.52,9.2,0,0.6
"302",10.3,0.53,0.48,2.5,0.063,6,25,0.9998,3.12,0.59,9.3,1,0.48
"303",7.6,0.62,0.32,2.2,0.082,7,54,0.9966,3.36,0.52,9.4,0,0.32
"304",10.3,0.41,0.42,2.4,0.213,6,14,0.9994,3.19,0.62,9.5,1,0.42
"305",10.3,0.43,0.44,2.4,0.214,5,12,0.9994,3.19,0.63,9.5,1,0.44
"306",7.4,0.29,0.38,1.7,0.062,9,30,0.9968,3.41,0.53,9.5,1,0.38
"307",10.3,0.53,0.48,2.5,0.063,6,25,0.9998,3.12,0.59,9.3,1,0.48
"308",7.9,0.53,0.24,2,0.072,15,105,0.996,3.27,0.54,9.4,1,0.24
"309",9,0.46,0.31,2.8,0.093,19,98,0.99815,3.32,0.63,9.5,1,0.31
"310",8.6,0.47,0.3,3,0.076,30,135,0.9976,3.3,0.53,9.4,0,0.3
"311",7.4,0.36,0.29,2.6,0.087,26,72,0.99645,3.39,0.68,11,0,0.29
"312",7.1,0.35,0.29,2.5,0.096,20,53,0.9962,3.42,0.65,11,1,0.29
"313",9.6,0.56,0.23,3.4,0.102,37,92,0.9996,3.3,0.65,10.1,0,0.23
"314",9.6,0.77,0.12,2.9,0.082,30,74,0.99865,3.3,0.64,10.4,1,0.12
"315",9.8,0.66,0.39,3.2,0.083,21,59,0.9989,3.37,0.71,11.5,1,0.39
"316",9.6,0.77,0.12,2.9,0.082,30,74,0.99865,3.3,0.64,10.4,1,0.12
"317",9.8,0.66,0.39,3.2,0.083,21,59,0.9989,3.37,0.71,11.5,1,0.39
"318",9.3,0.61,0.26,3.4,0.09,25,87,0.99975,3.24,0.62,9.7,0,0.26
"319",7.8,0.62,0.05,2.3,0.079,6,18,0.99735,3.29,0.63,9.3,0,0.05
"320",10.3,0.59,0.42,2.8,0.09,35,73,0.999,3.28,0.7,9.5,1,0.42
"321",10,0.49,0.2,11,0.071,13,50,1.0015,3.16,0.69,9.2,1,0.2
"322",10,0.49,0.2,11,0.071,13,50,1.0015,3.16,0.69,9.2,1,0.2
"323",11.6,0.53,0.66,3.65,0.121,6,14,0.9978,3.05,0.74,11.5,1,0.66
"324",10.3,0.44,0.5,4.5,0.107,5,13,0.998,3.28,0.83,11.5,0,0.5
"325",13.4,0.27,0.62,2.6,0.082,6,21,1.0002,3.16,0.67,9.7,1,0.62
"326",10.7,0.46,0.39,2,0.061,7,15,0.9981,3.18,0.62,9.5,0,0.39
"327",10.2,0.36,0.64,2.9,0.122,10,41,0.998,3.23,0.66,12.5,1,0.64
"328",10.2,0.36,0.64,2.9,0.122,10,41,0.998,3.23,0.66,12.5,1,0.64
"329",8,0.58,0.28,3.2,0.066,21,114,0.9973,3.22,0.54,9.4,1,0.28
"330",8.4,0.56,0.08,2.1,0.105,16,44,0.9958,3.13,0.52,11,0,0.08
"331",7.9,0.65,0.01,2.5,0.078,17,38,0.9963,3.34,0.74,11.7,1,0.01
"332",11.9,0.695,0.53,3.4,0.128,7,21,0.9992,3.17,0.84,12.2,1,0.53
"333",8.9,0.43,0.45,1.9,0.052,6,16,0.9948,3.35,0.7,12.5,1,0.45
"334",7.8,0.43,0.32,2.8,0.08,29,58,0.9974,3.31,0.64,10.3,0,0.32
"335",12.4,0.49,0.58,3,0.103,28,99,1.0008,3.16,1,11.5,1,0.58
"336",12.5,0.28,0.54,2.3,0.082,12,29,0.9997,3.11,1.36,9.8,1,0.54
"337",12.2,0.34,0.5,2.4,0.066,10,21,1,3.12,1.18,9.2,1,0.5
"338",10.6,0.42,0.48,2.7,0.065,5,18,0.9972,3.21,0.87,11.3,1,0.48
"339",10.9,0.39,0.47,1.8,0.118,6,14,0.9982,3.3,0.75,9.8,1,0.47
"340",10.9,0.39,0.47,1.8,0.118,6,14,0.9982,3.3,0.75,9.8,1,0.47
"341",11.9,0.57,0.5,2.6,0.082,6,32,1.0006,3.12,0.78,10.7,1,0.5
"342",7,0.685,NA,1.9,0.067,40,63,0.9979,3.6,0.81,9.9,0,0
"343",6.6,0.815,0.02,2.7,0.072,17,34,0.9955,3.58,0.89,12.3,1,0.02
"344",13.8,0.49,0.67,3,0.093,6,15,0.9986,3.02,0.93,12,1,0.67
"345",9.6,0.56,0.31,2.8,0.089,15,46,0.9979,3.11,0.92,10,1,0.31
"346",9.1,0.785,NA,2.6,0.093,11,28,0.9994,3.36,0.86,9.4,1,0
"347",10.7,0.67,0.22,2.7,0.107,17,34,1.0004,3.28,0.98,9.9,1,0.22
"348",9.1,0.795,NA,2.6,0.096,11,26,0.9994,3.35,0.83,9.4,1,0
"349",7.7,0.665,NA,2.4,0.09,8,19,0.9974,3.27,0.73,9.3,0,0
"350",13.5,0.53,0.79,4.8,0.12,23,77,1.0018,3.18,0.77,13,0,0.79
"351",6.1,0.21,0.4,1.4,0.066,40.5,165,0.9912,3.25,0.59,11.9,1,0.4
"352",6.7,0.75,0.01,2.4,0.078,17,32,0.9955,3.55,0.61,12.8,1,0.01
"353",11.5,0.41,0.52,3,0.08,29,55,1.0001,3.26,0.88,11,0,0.52
"354",10.5,0.42,0.66,2.95,0.116,12,29,0.997,3.24,0.75,11.7,1,0.66
"355",11.9,0.43,0.66,3.1,0.109,10,23,1,3.15,0.85,10.4,1,0.66
"356",12.6,0.38,0.66,2.6,0.088,10,41,1.001,3.17,0.68,9.8,1,0.66
"357",8.2,0.7,0.23,2,0.099,14,81,0.9973,3.19,0.7,9.4,0,0.23
"358",8.6,0.45,0.31,2.6,0.086,21,50,0.9982,3.37,0.91,9.9,1,0.31
"359",11.9,0.58,0.66,2.5,0.072,6,37,0.9992,3.05,0.56,10,0,0.66
"360",12.8,0.615,0.66,5.8,0.083,7,42,1.0022,3.07,0.73,10,1,0.66
"361",10,0.42,0.5,3.4,0.107,7,21,0.9979,3.26,0.93,11.8,1,0.5
"362",12.8,0.615,0.66,5.8,0.083,7,42,1.0022,3.07,0.73,10,1,0.66
"363",10.4,0.575,0.61,2.6,0.076,11,24,1,3.16,0.69,9,0,0.61
"364",10.3,0.34,0.52,2.8,0.159,15,75,0.9998,3.18,0.64,9.4,0,0.52
"365",9.4,0.27,0.53,2.4,0.074,6,18,0.9962,3.2,1.13,12,1,0.53
"366",6.9,0.765,0.02,2.3,0.063,35,63,0.9975,3.57,0.78,9.9,0,0.02
"367",7.9,0.24,0.4,1.6,0.056,11,25,0.9967,3.32,0.87,8.7,1,0.4
"368",9.1,0.28,0.48,1.8,0.067,26,46,0.9967,3.32,1.04,10.6,1,0.48
"369",7.4,0.55,0.22,2.2,0.106,12,72,0.9959,3.05,0.63,9.2,0,0.22
"370",14,0.41,0.63,3.8,0.089,6,47,1.0014,3.01,0.81,10.8,1,0.63
"371",11.5,0.54,0.71,4.4,0.124,6,15,0.9984,3.01,0.83,11.8,1,0.71
"372",11.5,0.45,0.5,3,0.078,19,47,1.0003,3.26,1.11,11,1,0.5
"373",9.4,0.27,0.53,2.4,0.074,6,18,0.9962,3.2,1.13,12,1,0.53
"374",11.4,0.625,0.66,6.2,0.088,6,24,0.9988,3.11,0.99,13.3,1,0.66
"375",8.3,0.42,0.38,2.5,0.094,24,60,0.9979,3.31,0.7,10.8,1,0.38
"376",8.3,0.26,0.42,2,0.08,11,27,0.9974,3.21,0.8,9.4,1,0.42
"377",13.7,0.415,0.68,2.9,0.085,17,43,1.0014,3.06,0.8,10,1,0.68
"378",8.3,0.26,0.42,2,0.08,11,27,0.9974,3.21,0.8,9.4,1,0.42
"379",8.3,0.26,0.42,2,0.08,11,27,0.9974,3.21,0.8,9.4,1,0.42
"380",7.7,0.51,0.28,2.1,0.087,23,54,0.998,3.42,0.74,9.2,0,0.28
"381",7.4,0.63,0.07,2.4,0.09,11,37,0.9979,3.43,0.76,9.7,1,0.07
"382",7.8,0.54,0.26,2,0.088,23,48,0.9981,3.41,0.74,9.2,1,0.26
"383",8.3,0.66,0.15,1.9,0.079,17,42,0.9972,3.31,0.54,9.6,1,0.15
"384",7.8,0.46,0.26,1.9,0.088,23,53,0.9981,3.43,0.74,9.2,1,0.26
"385",9.6,0.38,0.31,2.5,0.096,16,49,0.9982,3.19,0.7,10,1,0.31
"386",5.6,0.85,0.05,1.4,0.045,12,88,0.9924,3.56,0.82,12.9,1,0.05
"387",13.7,0.415,0.68,2.9,0.085,17,43,1.0014,3.06,0.8,10,1,0.68
"388",9.5,0.37,0.52,2,0.082,6,26,0.998,3.18,0.51,9.5,0,0.52
"389",8.4,0.665,0.61,2,0.112,13,95,0.997,3.16,0.54,9.1,0,0.61
"390",12.7,0.6,0.65,2.3,0.063,6,25,0.9997,3.03,0.57,9.9,0,0.65
"391",12,0.37,0.76,4.2,0.066,7,38,1.0004,3.22,0.6,13,1,0.76
"392",6.6,0.735,0.02,7.9,0.122,68,124,0.9994,3.47,0.53,9.9,0,0.02
"393",11.5,0.59,0.59,2.6,0.087,13,49,0.9988,3.18,0.65,11,1,0.59
"394",11.5,0.59,0.59,2.6,0.087,13,49,0.9988,3.18,0.65,11,1,0.59
"395",8.7,0.765,0.22,2.3,0.064,9,42,0.9963,3.1,0.55,9.4,0,0.22
"396",6.6,0.735,0.02,7.9,0.122,68,124,0.9994,3.47,0.53,9.9,0,0.02
"397",7.7,0.26,0.3,1.7,0.059,20,38,0.9949,3.29,0.47,10.8,1,0.3
"398",12.2,0.48,0.54,2.6,0.085,19,64,1,3.1,0.61,10.5,1,0.54
"399",11.4,0.6,0.49,2.7,0.085,10,41,0.9994,3.15,0.63,10.5,1,0.49
"400",7.7,0.69,0.05,2.7,0.075,15,27,0.9974,3.26,0.61,9.1,0,0.05
"401",8.7,0.31,0.46,1.4,0.059,11,25,0.9966,3.36,0.76,10.1,1,0.46
"402",9.8,0.44,0.47,2.5,0.063,9,28,0.9981,3.24,0.65,10.8,1,0.47
"403",12,0.39,0.66,3,0.093,12,30,0.9996,3.18,0.63,10.8,1,0.66
"404",10.4,0.34,0.58,3.7,0.174,6,16,0.997,3.19,0.7,11.3,1,0.58
"405",12.5,0.46,0.49,4.5,0.07,26,49,0.9981,3.05,0.57,9.6,0,0.49
"406",9,0.43,0.34,2.5,0.08,26,86,0.9987,3.38,0.62,9.5,1,0.34
"407",9.1,0.45,0.35,2.4,0.08,23,78,0.9987,3.38,0.62,9.5,0,0.35
"408",7.1,0.735,0.16,1.9,0.1,15,77,0.9966,3.27,0.64,9.3,0,0.16
"409",9.9,0.4,0.53,6.7,0.097,6,19,0.9986,3.27,0.82,11.7,1,0.53
"410",8.8,0.52,0.34,2.7,0.087,24,122,0.9982,3.26,0.61,9.5,0,0.34
"411",8.6,0.725,0.24,6.6,0.117,31,134,1.0014,3.32,1.07,9.3,0,0.24
"412",10.6,0.48,0.64,2.2,0.111,6,20,0.997,3.26,0.66,11.7,1,0.64
"413",7,0.58,0.12,1.9,0.091,34,124,0.9956,3.44,0.48,10.5,0,0.12
"414",11.9,0.38,0.51,2,0.121,7,20,0.9996,3.24,0.76,10.4,1,0.51
"415",6.8,0.77,NA,1.8,0.066,34,52,0.9976,3.62,0.68,9.9,0,0
"416",9.5,0.56,0.33,2.4,0.089,35,67,0.9972,3.28,0.73,11.8,1,0.33
"417",6.6,0.84,0.03,2.3,0.059,32,48,0.9952,3.52,0.56,12.3,1,0.03
"418",7.7,0.96,0.2,2,0.047,15,60,0.9955,3.36,0.44,10.9,0,0.2
"419",10.5,0.24,0.47,2.1,0.066,6,24,0.9978,3.15,0.9,11,1,0.47
"420",7.7,0.96,0.2,2,0.047,15,60,0.9955,3.36,0.44,10.9,0,0.2
"421",6.6,0.84,0.03,2.3,0.059,32,48,0.9952,3.52,0.56,12.3,1,0.03
"422",6.4,0.67,0.08,2.1,0.045,19,48,0.9949,3.49,0.49,11.4,1,0.08
"423",9.5,0.78,0.22,1.9,0.077,6,32,0.9988,3.26,0.56,10.6,1,0.22
"424",9.1,0.52,0.33,1.3,0.07,9,30,0.9978,3.24,0.6,9.3,0,0.33
"425",12.8,0.84,0.63,2.4,0.088,13,35,0.9997,3.1,0.6,10.4,1,0.63
"426",10.5,0.24,0.47,2.1,0.066,6,24,0.9978,3.15,0.9,11,1,0.47
"427",7.8,0.55,0.35,2.2,0.074,21,66,0.9974,3.25,0.56,9.2,0,0.35
"428",11.9,0.37,0.69,2.3,0.078,12,24,0.9958,3,0.65,12.8,1,0.69
"429",12.3,0.39,0.63,2.3,0.091,6,18,1.0004,3.16,0.49,9.5,0,0.63
"430",10.4,0.41,0.55,3.2,0.076,22,54,0.9996,3.15,0.89,9.9,1,0.55
"431",12.3,0.39,0.63,2.3,0.091,6,18,1.0004,3.16,0.49,9.5,0,0.63
"432",8,0.67,0.3,2,0.06,38,62,0.9958,3.26,0.56,10.2,1,0.3
"433",11.1,0.45,0.73,3.2,0.066,6,22,0.9986,3.17,0.66,11.2,1,0.73
"434",10.4,0.41,0.55,3.2,0.076,22,54,0.9996,3.15,0.89,9.9,1,0.55
"435",7,0.62,0.18,1.5,0.062,7,50,0.9951,3.08,0.6,9.3,0,0.18
"436",11.9,0.4,0.65,2.15,0.068,7,27,0.9988,3.06,0.68,11.3,1,0.65
"437",10,0.44,0.49,2.7,0.077,11,19,0.9963,3.23,0.63,11.6,1,0.49
"438",5.3,0.57,0.01,1.7,0.054,5,27,0.9934,3.57,0.84,12.5,1,0.01
"439",9.5,0.735,0.1,2.1,0.079,6,31,0.9986,3.23,0.56,10.1,1,0.1
"440",12.5,0.38,0.6,2.6,0.081,31,72,0.9996,3.1,0.73,10.5,0,0.6
"441",9.3,0.48,0.29,2.1,0.127,6,16,0.9968,3.22,0.72,11.2,0,0.29
"442",8.6,0.53,0.22,2,0.1,7,27,0.9967,3.2,0.56,10.2,1,0.22
"443",11.9,0.39,0.69,2.8,0.095,17,35,0.9994,3.1,0.61,10.8,1,0.69
"444",11.9,0.39,0.69,2.8,0.095,17,35,0.9994,3.1,0.61,10.8,1,0.69
"445",8.4,0.37,0.53,1.8,0.413,9,26,0.9979,3.06,1.06,9.1,1,0.53
"446",6.8,0.56,0.03,1.7,0.084,18,35,0.9968,3.44,0.63,10,1,0.03
"447",10.4,0.33,0.63,2.8,0.084,5,22,0.9998,3.26,0.74,11.2,1,0.63
"448",7,0.23,0.4,1.6,0.063,21,67,0.9952,3.5,0.63,11.1,0,0.4
"449",11.3,0.62,0.67,5.2,0.086,6,19,0.9988,3.22,0.69,13.4,1,0.67
"450",8.9,0.59,0.39,2.3,0.095,5,22,0.9986,3.37,0.58,10.3,0,0.39
"451",9.2,0.63,0.21,2.7,0.097,29,65,0.9988,3.28,0.58,9.6,0,0.21
"452",10.4,0.33,0.63,2.8,0.084,5,22,0.9998,3.26,0.74,11.2,1,0.63
"453",11.6,0.58,0.66,2.2,0.074,10,47,1.0008,3.25,0.57,9,0,0.66
"454",9.2,0.43,0.52,2.3,0.083,14,23,0.9976,3.35,0.61,11.3,1,0.52
"455",8.3,0.615,0.22,2.6,0.087,6,19,0.9982,3.26,0.61,9.3,0,0.22
"456",11,0.26,0.68,2.55,0.085,10,25,0.997,3.18,0.61,11.8,0,0.68
"457",8.1,0.66,0.7,2.2,0.098,25,129,0.9972,3.08,0.53,9,0,0.7
"458",10,0.29,0.4,2.9,0.098,10,26,1.0006,3.48,0.91,9.7,0,0.4
"459",10.3,0.5,0.42,2,0.069,21,51,0.9982,3.16,0.72,11.5,1,0.42
"460",8.8,0.46,0.45,2.6,0.065,7,18,0.9947,3.32,0.79,14,1,0.45
"461",11.4,0.36,0.69,2.1,0.09,6,21,1,3.17,0.62,9.2,1,0.69
"462",8.7,0.82,0.02,1.2,0.07,36,48,0.9952,3.2,0.58,9.8,0,0.02
"463",13,0.32,0.65,2.6,0.093,15,47,0.9996,3.05,0.61,10.6,0,0.65
"464",9.6,0.54,0.42,2.4,0.081,25,52,0.997,3.2,0.71,11.4,1,0.42
"465",12.5,0.37,0.55,2.6,0.083,25,68,0.9995,3.15,0.82,10.4,1,0.55
"466",9.9,0.35,0.55,2.1,0.062,5,14,0.9971,3.26,0.79,10.6,0,0.55
"467",10.5,0.28,0.51,1.7,0.08,10,24,0.9982,3.2,0.89,9.4,1,0.51
"468",9.6,0.68,0.24,2.2,0.087,5,28,0.9988,3.14,0.6,10.2,0,0.24
"469",9.3,0.27,0.41,2,0.091,6,16,0.998,3.28,0.7,9.7,0,0.41
"470",10.4,0.24,0.49,1.8,0.075,6,20,0.9977,3.18,1.06,11,1,0.49
"471",9.6,0.68,0.24,2.2,0.087,5,28,0.9988,3.14,0.6,10.2,0,0.24
"472",9.4,0.685,0.11,2.7,0.077,6,31,0.9984,3.19,0.7,10.1,1,0.11
"473",10.6,0.28,0.39,15.5,0.069,6,23,1.0026,3.12,0.66,9.2,0,0.39
"474",9.4,0.3,0.56,2.8,0.08,6,17,0.9964,3.15,0.92,11.7,1,0.56
"475",10.6,0.36,0.59,2.2,0.152,6,18,0.9986,3.04,1.05,9.4,0,0.59
"476",10.6,0.36,0.6,2.2,0.152,7,18,0.9986,3.04,1.06,9.4,0,0.6
"477",10.6,0.44,0.68,4.1,0.114,6,24,0.997,3.06,0.66,13.4,1,0.68
"478",10.2,0.67,0.39,1.9,0.054,6,17,0.9976,3.17,0.47,10,0,0.39
"479",10.2,0.67,0.39,1.9,0.054,6,17,0.9976,3.17,0.47,10,0,0.39
"480",10.2,0.645,0.36,1.8,0.053,5,14,0.9982,3.17,0.42,10,1,0.36
"481",11.6,0.32,0.55,2.8,0.081,35,67,1.0002,3.32,0.92,10.8,1,0.55
"482",9.3,0.39,0.4,2.6,0.073,10,26,0.9984,3.34,0.75,10.2,1,0.4
"483",9.3,0.775,0.27,2.8,0.078,24,56,0.9984,3.31,0.67,10.6,1,0.27
"484",9.2,0.41,0.5,2.5,0.055,12,25,0.9952,3.34,0.79,13.3,1,0.5
"485",8.9,0.4,0.51,2.6,0.052,13,27,0.995,3.32,0.9,13.4,1,0.51
"486",8.7,0.69,0.31,3,0.086,23,81,1.0002,3.48,0.74,11.6,1,0.31
"487",6.5,0.39,0.23,8.3,0.051,28,91,0.9952,3.44,0.55,12.1,1,0.23
"488",10.7,0.35,0.53,2.6,0.07,5,16,0.9972,3.15,0.65,11,1,0.53
"489",7.8,0.52,0.25,1.9,0.081,14,38,0.9984,3.43,0.65,9,1,0.25
"490",7.2,0.34,0.32,2.5,0.09,43,113,0.9966,3.32,0.79,11.1,0,0.32
"491",10.7,0.35,0.53,2.6,0.07,5,16,0.9972,3.15,0.65,11,1,0.53
"492",8.7,0.69,0.31,3,0.086,23,81,1.0002,3.48,0.74,11.6,1,0.31
"493",7.8,0.52,0.25,1.9,0.081,14,38,0.9984,3.43,0.65,9,1,0.25
"494",10.4,0.44,0.73,6.55,0.074,38,76,0.999,3.17,0.85,12,1,0.73
"495",10.4,0.44,0.73,6.55,0.074,38,76,0.999,3.17,0.85,12,1,0.73
"496",10.5,0.26,0.47,1.9,0.078,6,24,0.9976,3.18,1.04,10.9,1,0.47
"497",10.5,0.24,0.42,1.8,0.077,6,22,0.9976,3.21,1.05,10.8,1,0.42
"498",10.2,0.49,0.63,2.9,0.072,10,26,0.9968,3.16,0.78,12.5,1,0.63
"499",10.4,0.24,0.46,1.8,0.075,6,21,0.9976,3.25,1.02,10.8,1,0.46
"500",11.2,0.67,0.55,2.3,0.084,6,13,1,3.17,0.71,9.5,1,0.55
"501",10,0.59,0.31,2.2,0.09,26,62,0.9994,3.18,0.63,10.2,1,0.31
"502",13.3,0.29,0.75,2.8,0.084,23,43,0.9986,3.04,0.68,11.4,1,0.75
"503",12.4,0.42,0.49,4.6,0.073,19,43,0.9978,3.02,0.61,9.5,0,0.49
"504",10,0.59,0.31,2.2,0.09,26,62,0.9994,3.18,0.63,10.2,1,0.31
"505",10.7,0.4,0.48,2.1,0.125,15,49,0.998,3.03,0.81,9.7,1,0.48
"506",10.5,0.51,0.64,2.4,0.107,6,15,0.9973,3.09,0.66,11.8,1,0.64
"507",10.5,0.51,0.64,2.4,0.107,6,15,0.9973,3.09,0.66,11.8,1,0.64
"508",8.5,0.655,0.49,6.1,0.122,34,151,1.001,3.31,1.14,9.3,0,0.49
"509",12.5,0.6,0.49,4.3,0.1,5,14,1.001,3.25,0.74,11.9,1,0.49
"510",10.4,0.61,0.49,2.1,0.2,5,16,0.9994,3.16,0.63,8.4,0,0.49
"511",10.9,0.21,0.49,2.8,0.088,11,32,0.9972,3.22,0.68,11.7,1,0.49
"512",7.3,0.365,0.49,2.5,0.088,39,106,0.9966,3.36,0.78,11,1,0.49
"513",9.8,0.25,0.49,2.7,0.088,15,33,0.9982,3.42,0.9,10,1,0.49
"514",7.6,0.41,0.49,2,0.088,16,43,0.998,3.48,0.64,9.1,0,0.49
"515",8.2,0.39,0.49,2.3,0.099,47,133,0.9979,3.38,0.99,9.8,0,0.49
"516",9.3,0.4,0.49,2.5,0.085,38,142,0.9978,3.22,0.55,9.4,0,0.49
"517",9.2,0.43,0.49,2.4,0.086,23,116,0.9976,3.23,0.64,9.5,0,0.49
"518",10.4,0.64,0.24,2.8,0.105,29,53,0.9998,3.24,0.67,9.9,0,0.24
"519",7.3,0.365,0.49,2.5,0.088,39,106,0.9966,3.36,0.78,11,0,0.49
"520",7,0.38,0.49,2.5,0.097,33,85,0.9962,3.39,0.77,11.4,1,0.49
"521",8.2,0.42,0.49,2.6,0.084,32,55,0.9988,3.34,0.75,8.7,1,0.49
"522",9.9,0.63,0.24,2.4,0.077,6,33,0.9974,3.09,0.57,9.4,0,0.24
"523",9.1,0.22,0.24,2.1,0.078,1,28,0.999,3.41,0.87,10.3,1,0.24
"524",11.9,0.38,0.49,2.7,0.098,12,42,1.0004,3.16,0.61,10.3,0,0.49
"525",11.9,0.38,0.49,2.7,0.098,12,42,1.0004,3.16,0.61,10.3,0,0.49
"526",10.3,0.27,0.24,2.1,0.072,15,33,0.9956,3.22,0.66,12.8,1,0.24
"527",10,0.48,0.24,2.7,0.102,13,32,1,3.28,0.56,10,1,0.24
"528",9.1,0.22,0.24,2.1,0.078,1,28,0.999,3.41,0.87,10.3,1,0.24
"529",9.9,0.63,0.24,2.4,0.077,6,33,0.9974,3.09,0.57,9.4,0,0.24
"530",8.1,0.825,0.24,2.1,0.084,5,13,0.9972,3.37,0.77,10.7,1,0.24
"531",12.9,0.35,0.49,5.8,0.066,5,35,1.0014,3.2,0.66,12,1,0.49
"532",11.2,0.5,0.74,5.15,0.1,5,17,0.9996,3.22,0.62,11.2,0,0.74
"533",9.2,0.59,0.24,3.3,0.101,20,47,0.9988,3.26,0.67,9.6,0,0.24
"534",9.5,0.46,0.49,6.3,0.064,5,17,0.9988,3.21,0.73,11,1,0.49
"535",9.3,0.715,0.24,2.1,0.07,5,20,0.9966,3.12,0.59,9.9,0,0.24
"536",11.2,0.66,0.24,2.5,0.085,16,53,0.9993,3.06,0.72,11,1,0.24
"537",9.1,0.47,0.49,2.6,0.094,38,106,0.9982,3.08,0.59,9.1,0,0.49
"538",7.5,0.55,0.24,2,0.078,10,28,0.9983,3.45,0.78,9.5,1,0.24
"539",10.6,0.31,0.49,2.5,0.067,6,21,0.9987,3.26,0.86,10.7,1,0.49
"540",12.4,0.35,0.49,2.6,0.079,27,69,0.9994,3.12,0.75,10.4,1,0.49
"541",9,0.53,0.49,1.9,0.171,6,25,0.9975,3.27,0.61,9.4,1,0.49
"542",6.8,0.51,0.01,2.1,0.074,9,25,0.9958,3.33,0.56,9.5,1,0.01
"543",9.4,0.43,0.24,2.8,0.092,14,45,0.998,3.19,0.73,10,1,0.24
"544",9.5,0.46,0.24,2.7,0.092,14,44,0.998,3.12,0.74,10,1,0.24
"545",5,1.04,0.24,1.6,0.05,32,96,0.9934,3.74,0.62,11.5,0,0.24
"546",10.9,0.53,0.49,4.6,0.118,10,17,1.0002,3.07,0.56,11.7,1,0.49
"547",10.9,0.53,0.49,4.6,0.118,10,17,1.0002,3.07,0.56,11.7,1,0.49
"548",13,0.47,0.49,4.3,0.085,6,47,1.0021,3.3,0.68,12.7,1,0.49
"549",12.7,0.6,0.49,2.8,0.075,5,19,0.9994,3.14,0.57,11.4,0,0.49
"550",9,0.44,0.49,2.4,0.078,26,121,0.9978,3.23,0.58,9.2,0,0.49
"551",9,0.54,0.49,2.9,0.094,41,110,0.9982,3.08,0.61,9.2,0,0.49
"552",7.6,0.29,0.49,2.7,0.092,25,60,0.9971,3.31,0.61,10.1,1,0.49
"553",13,0.47,0.49,4.3,0.085,6,47,1.0021,3.3,0.68,12.7,1,0.49
"554",12.7,0.6,0.49,2.8,0.075,5,19,0.9994,3.14,0.57,11.4,0,0.49
"555",8.7,0.7,0.24,2.5,0.226,5,15,0.9991,3.32,0.6,9,1,0.24
"556",8.7,0.7,0.24,2.5,0.226,5,15,0.9991,3.32,0.6,9,1,0.24
"557",9.8,0.5,0.49,2.6,0.25,5,20,0.999,3.31,0.79,10.7,1,0.49
"558",6.2,0.36,0.24,2.2,0.095,19,42,0.9946,3.57,0.57,11.7,1,0.24
"559",11.5,0.35,0.49,3.3,0.07,10,37,1.0003,3.32,0.91,11,1,0.49
"560",6.2,0.36,0.24,2.2,0.095,19,42,0.9946,3.57,0.57,11.7,1,0.24
"561",10.2,0.24,0.49,2.4,0.075,10,28,0.9978,3.14,0.61,10.4,0,0.49
"562",10.5,0.59,0.49,2.1,0.07,14,47,0.9991,3.3,0.56,9.6,0,0.49
"563",10.6,0.34,0.49,3.2,0.078,20,78,0.9992,3.19,0.7,10,1,0.49
"564",12.3,0.27,0.49,3.1,0.079,28,46,0.9993,3.2,0.8,10.2,1,0.49
"565",9.9,0.5,0.24,2.3,0.103,6,14,0.9978,3.34,0.52,10,0,0.24
"566",8.8,0.44,0.49,2.8,0.083,18,111,0.9982,3.3,0.6,9.5,0,0.49
"567",8.8,0.47,0.49,2.9,0.085,17,110,0.9982,3.29,0.6,9.8,0,0.49
"568",10.6,0.31,0.49,2.2,0.063,18,40,0.9976,3.14,0.51,9.8,1,0.49
"569",12.3,0.5,0.49,2.2,0.089,5,14,1.0002,3.19,0.44,9.6,0,0.49
"570",12.3,0.5,0.49,2.2,0.089,5,14,1.0002,3.19,0.44,9.6,0,0.49
"571",11.7,0.49,0.49,2.2,0.083,5,15,1,3.19,0.43,9.2,0,0.49
"572",11.8,0.33,0.49,3.4,0.093,54,80,1.0002,3.3,0.76,10.7,1,0.49
"573",7.6,0.51,0.24,2.4,0.091,8,38,0.998,3.47,0.66,9.6,1,0.24
"574",11.1,0.31,0.49,2.7,0.094,16,47,0.9986,3.12,1.02,10.6,1,0.49
"575",7.3,0.73,0.24,1.9,0.108,18,102,0.9967,3.26,0.59,9.3,0,0.24
"576",5,0.42,0.24,2,0.06,19,50,0.9917,3.72,0.74,14,1,0.24
"577",10.2,0.29,0.49,2.6,0.059,5,13,0.9976,3.05,0.74,10.5,1,0.49
"578",9,0.45,0.49,2.6,0.084,21,75,0.9987,3.35,0.57,9.7,0,0.49
"579",6.6,0.39,0.49,1.7,0.07,23,149,0.9922,3.12,0.5,11.5,1,0.49
"580",9,0.45,0.49,2.6,0.084,21,75,0.9987,3.35,0.57,9.7,0,0.49
"581",9.9,0.49,0.58,3.5,0.094,9,43,1.0004,3.29,0.58,9,0,0.58
"582",7.9,0.72,0.17,2.6,0.096,20,38,0.9978,3.4,0.53,9.5,0,0.17
"583",8.9,0.595,0.41,7.9,0.086,30,109,0.9998,3.27,0.57,9.3,0,0.41
"584",12.4,0.4,0.51,2,0.059,6,24,0.9994,3.04,0.6,9.3,1,0.51
"585",11.9,0.58,0.58,1.9,0.071,5,18,0.998,3.09,0.63,10,1,0.58
"586",8.5,0.585,0.18,2.1,0.078,5,30,0.9967,3.2,0.48,9.8,1,0.18
"587",12.7,0.59,0.45,2.3,0.082,11,22,1,3,0.7,9.3,1,0.45
"588",8.2,0.915,0.27,2.1,0.088,7,23,0.9962,3.26,0.47,10,0,0.27
"589",13.2,0.46,0.52,2.2,0.071,12,35,1.0006,3.1,0.56,9,1,0.52
"590",7.7,0.835,NA,2.6,0.081,6,14,0.9975,3.3,0.52,9.3,0,0
"591",13.2,0.46,0.52,2.2,0.071,12,35,1.0006,3.1,0.56,9,1,0.52
"592",8.3,0.58,0.13,2.9,0.096,14,63,0.9984,3.17,0.62,9.1,1,0.13
"593",8.3,0.6,0.13,2.6,0.085,6,24,0.9984,3.31,0.59,9.2,1,0.13
"594",9.4,0.41,0.48,4.6,0.072,10,20,0.9973,3.34,0.79,12.2,1,0.48
"595",8.8,0.48,0.41,3.3,0.092,26,52,0.9982,3.31,0.53,10.5,1,0.41
"596",10.1,0.65,0.37,5.1,0.11,11,65,1.0026,3.32,0.64,10.4,1,0.37
"597",6.3,0.36,0.19,3.2,0.075,15,39,0.9956,3.56,0.52,12.7,1,0.19
"598",8.8,0.24,0.54,2.5,0.083,25,57,0.9983,3.39,0.54,9.2,0,0.54
"599",7.5,0.64,NA,2.4,0.077,18,29,0.9965,3.32,0.6,10,1,0
"600",8.2,0.39,0.38,1.5,0.058,10,29,0.9962,3.26,0.74,9.8,0,0.38
"601",9.6,0.6,0.5,2.3,0.079,28,71,0.9997,3.5,0.57,9.7,0,0.5
"602",9.6,0.6,0.5,2.3,0.079,28,71,0.9997,3.5,0.57,9.7,0,0.5
"603",11.5,0.31,0.51,2.2,0.079,14,28,0.9982,3.03,0.93,9.8,1,0.51
"604",11.4,0.46,0.5,2.7,0.122,4,17,1.0006,3.13,0.7,10.2,0,0.5
"605",11.3,0.37,0.41,2.3,0.088,6,16,0.9988,3.09,0.8,9.3,0,0.41
"606",8.3,0.54,0.24,3.4,0.076,16,112,0.9976,3.27,0.61,9.4,0,0.24
"607",8.2,0.56,0.23,3.4,0.078,14,104,0.9976,3.28,0.62,9.4,0,0.23
"608",10,0.58,0.22,1.9,0.08,9,32,0.9974,3.13,0.55,9.5,0,0.22
"609",7.9,0.51,0.25,2.9,0.077,21,45,0.9974,3.49,0.96,12.1,1,0.25
"610",6.8,0.69,NA,5.6,0.124,21,58,0.9997,3.46,0.72,10.2,0,0
"611",6.8,0.69,NA,5.6,0.124,21,58,0.9997,3.46,0.72,10.2,0,0
"612",8.8,0.6,0.29,2.2,0.098,5,15,0.9988,3.36,0.49,9.1,0,0.29
"613",8.8,0.6,0.29,2.2,0.098,5,15,0.9988,3.36,0.49,9.1,0,0.29
"614",8.7,0.54,0.26,2.5,0.097,7,31,0.9976,3.27,0.6,9.3,1,0.26
"615",7.6,0.685,0.23,2.3,0.111,20,84,0.9964,3.21,0.61,9.3,0,0.23
"616",8.7,0.54,0.26,2.5,0.097,7,31,0.9976,3.27,0.6,9.3,1,0.26
"617",10.4,0.28,0.54,2.7,0.105,5,19,0.9988,3.25,0.63,9.5,0,0.54
"618",7.6,0.41,0.14,3,0.087,21,43,0.9964,3.32,0.57,10.5,1,0.14
"619",10.1,0.935,0.22,3.4,0.105,11,86,1.001,3.43,0.64,11.3,0,0.22
"620",7.9,0.35,0.21,1.9,0.073,46,102,0.9964,3.27,0.58,9.5,0,0.21
"621",8.7,0.84,NA,1.4,0.065,24,33,0.9954,3.27,0.55,9.7,0,0
"622",9.6,0.88,0.28,2.4,0.086,30,147,0.9979,3.24,0.53,9.4,0,0.28
"623",9.5,0.885,0.27,2.3,0.084,31,145,0.9978,3.24,0.53,9.4,0,0.27
"624",7.7,0.915,0.12,2.2,0.143,7,23,0.9964,3.35,0.65,10.2,1,0.12
"625",8.9,0.29,0.35,1.9,0.067,25,57,0.997,3.18,1.36,10.3,1,0.35
"626",9.9,0.54,0.45,2.3,0.071,16,40,0.9991,3.39,0.62,9.4,0,0.45
"627",9.5,0.59,0.44,2.3,0.071,21,68,0.9992,3.46,0.63,9.5,0,0.44
"628",9.9,0.54,0.45,2.3,0.071,16,40,0.9991,3.39,0.62,9.4,0,0.45
"629",9.5,0.59,0.44,2.3,0.071,21,68,0.9992,3.46,0.63,9.5,0,0.44
"630",9.9,0.54,0.45,2.3,0.071,16,40,0.9991,3.39,0.62,9.4,0,0.45
"631",7.8,0.64,0.1,6,0.115,5,11,0.9984,3.37,0.69,10.1,1,0.1
"632",7.3,0.67,0.05,3.6,0.107,6,20,0.9972,3.4,0.63,10.1,0,0.05
"633",8.3,0.845,0.01,2.2,0.07,5,14,0.9967,3.32,0.58,11,0,0.01
"634",8.7,0.48,0.3,2.8,0.066,10,28,0.9964,3.33,0.67,11.2,1,0.3
"635",6.7,0.42,0.27,8.6,0.068,24,148,0.9948,3.16,0.57,11.3,1,0.27
"636",9.8,0.88,0.25,2.5,0.104,35,155,1.001,3.41,0.67,11.2,0,0.25
"637",9.4,0.33,0.59,2.8,0.079,9,30,0.9976,3.12,0.54,12,1,0.59
"638",8.6,0.47,0.47,2.4,0.074,7,29,0.9979,3.08,0.46,9.5,0,0.47
"639",9.7,0.55,0.17,2.9,0.087,20,53,1.0004,3.14,0.61,9.4,0,0.17
"640",7.2,0.52,0.07,1.4,0.074,5,20,0.9973,3.32,0.81,9.6,1,0.07
"641",7.1,0.84,0.02,4.4,0.096,5,13,0.997,3.41,0.57,11,0,0.02
"642",7.2,0.52,0.07,1.4,0.074,5,20,0.9973,3.32,0.81,9.6,1,0.07
"643",7.5,0.42,0.31,1.6,0.08,15,42,0.9978,3.31,0.64,9,0,0.31
"644",7.2,0.57,0.06,1.6,0.076,9,27,0.9972,3.36,0.7,9.6,1,0.06
"645",10.1,0.28,0.46,1.8,0.05,5,13,0.9974,3.04,0.79,10.2,1,0.46
"646",12.1,0.4,0.52,2,0.092,15,54,1,3.03,0.66,10.2,0,0.52
"647",9.4,0.59,0.14,2,0.084,25,48,0.9981,3.14,0.56,9.7,0,0.14
"648",8.3,0.49,0.36,1.8,0.222,6,16,0.998,3.18,0.6,9.5,1,0.36
"649",10,0.73,0.43,2.3,0.059,15,31,0.9966,3.15,0.57,11,0,0.43
"650",6.9,0.4,0.24,2.5,0.083,30,45,0.9959,3.26,0.58,10,0,0.24
"651",8.2,0.73,0.21,1.7,0.074,5,13,0.9968,3.2,0.52,9.5,0,0.21
"652",9.8,1.24,0.34,2,0.079,32,151,0.998,3.15,0.53,9.5,0,0.34
"653",8.2,0.73,0.21,1.7,0.074,5,13,0.9968,3.2,0.52,9.5,0,0.21
"654",10.8,0.4,0.41,2.2,0.084,7,17,0.9984,3.08,0.67,9.3,1,0.41
"655",9.3,0.41,0.39,2.2,0.064,12,31,0.9984,3.26,0.65,10.2,0,0.39
"656",10.8,0.4,0.41,2.2,0.084,7,17,0.9984,3.08,0.67,9.3,1,0.41
"657",8.6,0.8,0.11,2.3,0.084,12,31,0.9979,3.4,0.48,9.9,0,0.11
"658",8.3,0.78,0.1,2.6,0.081,45,87,0.9983,3.48,0.53,10,0,0.1
"659",10.8,0.26,0.45,3.3,0.06,20,49,0.9972,3.13,0.54,9.6,0,0.45
"660",13.3,0.43,0.58,1.9,0.07,15,40,1.0004,3.06,0.49,9,0,0.58
"661",8,0.45,0.23,2.2,0.094,16,29,0.9962,3.21,0.49,10.2,1,0.23
"662",8.5,0.46,0.31,2.25,0.078,32,58,0.998,3.33,0.54,9.8,0,0.31
"663",8.1,0.78,0.23,2.6,0.059,5,15,0.997,3.37,0.56,11.3,0,0.23
"664",9.8,0.98,0.32,2.3,0.078,35,152,0.998,3.25,0.48,9.4,0,0.32
"665",8.1,0.78,0.23,2.6,0.059,5,15,0.997,3.37,0.56,11.3,0,0.23
"666",7.1,0.65,0.18,1.8,0.07,13,40,0.997,3.44,0.6,9.1,0,0.18
"667",9.1,0.64,0.23,3.1,0.095,13,38,0.9998,3.28,0.59,9.7,0,0.23
"668",7.7,0.66,0.04,1.6,0.039,4,9,0.9962,3.4,0.47,9.4,0,0.04
"669",8.1,0.38,0.48,1.8,0.157,5,17,0.9976,3.3,1.05,9.4,0,0.48
"670",7.4,1.185,NA,4.25,0.097,5,14,0.9966,3.63,0.54,10.7,0,0
"671",9.2,0.92,0.24,2.6,0.087,12,93,0.9998,3.48,0.54,9.8,0,0.24
"672",8.6,0.49,0.51,2,0.422,16,62,0.9979,3.03,1.17,9,0,0.51
"673",9,0.48,0.32,2.8,0.084,21,122,0.9984,3.32,0.62,9.4,0,0.32
"674",9,0.47,0.31,2.7,0.084,24,125,0.9984,3.31,0.61,9.4,0,0.31
"675",5.1,0.47,0.02,1.3,0.034,18,44,0.9921,3.9,0.62,12.8,1,0.02
"676",7,0.65,0.02,2.1,0.066,8,25,0.9972,3.47,0.67,9.5,1,0.02
"677",7,0.65,0.02,2.1,0.066,8,25,0.9972,3.47,0.67,9.5,1,0.02
"678",9.4,0.615,0.28,3.2,0.087,18,72,1.0001,3.31,0.53,9.7,0,0.28
"679",11.8,0.38,0.55,2.1,0.071,5,19,0.9986,3.11,0.62,10.8,1,0.55
"680",10.6,1.02,0.43,2.9,0.076,26,88,0.9984,3.08,0.57,10.1,1,0.43
"681",7,0.65,0.02,2.1,0.066,8,25,0.9972,3.47,0.67,9.5,1,0.02
"682",7,0.64,0.02,2.1,0.067,9,23,0.997,3.47,0.67,9.4,1,0.02
"683",7.5,0.38,0.48,2.6,0.073,22,84,0.9972,3.32,0.7,9.6,0,0.48
"684",9.1,0.765,0.04,1.6,0.078,4,14,0.998,3.29,0.54,9.7,0,0.04
"685",8.4,1.035,0.15,6,0.073,11,54,0.999,3.37,0.49,9.9,0,0.15
"686",7,0.78,0.08,2,0.093,10,19,0.9956,3.4,0.47,10,0,0.08
"687",7.4,0.49,0.19,3,0.077,16,37,0.9966,3.37,0.51,10.5,0,0.19
"688",7.8,0.545,0.12,2.5,0.068,11,35,0.996,3.34,0.61,11.6,1,0.12
"689",9.7,0.31,0.47,1.6,0.062,13,33,0.9983,3.27,0.66,10,1,0.47
"690",10.6,1.025,0.43,2.8,0.08,21,84,0.9985,3.06,0.57,10.1,0,0.43
"691",8.9,0.565,0.34,3,0.093,16,112,0.9998,3.38,0.61,9.5,0,0.34
"692",8.7,0.69,NA,3.2,0.084,13,33,0.9992,3.36,0.45,9.4,0,0
"693",8,0.43,0.36,2.3,0.075,10,48,0.9976,3.34,0.46,9.4,0,0.36
"694",9.9,0.74,0.28,2.6,0.078,21,77,0.998,3.28,0.51,9.8,0,0.28
"695",7.2,0.49,0.18,2.7,0.069,13,34,0.9967,3.29,0.48,9.2,1,0.18
"696",8,0.43,0.36,2.3,0.075,10,48,0.9976,3.34,0.46,9.4,0,0.36
"697",7.6,0.46,0.11,2.6,0.079,12,49,0.9968,3.21,0.57,10,0,0.11
"698",8.4,0.56,0.04,2,0.082,10,22,0.9976,3.22,0.44,9.6,0,0.04
"699",7.1,0.66,NA,3.9,0.086,17,45,0.9976,3.46,0.54,9.5,0,0
"700",8.4,0.56,0.04,2,0.082,10,22,0.9976,3.22,0.44,9.6,0,0.04
"701",8.9,0.48,0.24,2.85,0.094,35,106,0.9982,3.1,0.53,9.2,0,0.24
"702",7.6,0.42,0.08,2.7,0.084,15,48,0.9968,3.21,0.59,10,0,0.08
"703",7.5,1.115,0.1,3.1,0.086,5,12,0.9958,3.54,0.6,11.2,0,0.1
"704",9,0.66,0.17,3,0.077,5,13,0.9976,3.29,0.55,10.4,0,0.17
"705",8.1,0.72,0.09,2.8,0.084,18,49,0.9994,3.43,0.72,11.1,1,0.09
"706",6.4,0.57,0.02,1.8,0.067,4,11,0.997,3.46,0.68,9.5,0,0.02
"707",6.4,0.57,0.02,1.8,0.067,4,11,0.997,3.46,0.68,9.5,0,0.02
"708",6.4,0.865,0.03,3.2,0.071,27,58,0.995,3.61,0.49,12.7,1,0.03
"709",9.5,0.55,0.66,2.3,0.387,12,37,0.9982,3.17,0.67,9.6,0,0.66
"710",8.9,0.875,0.13,3.45,0.088,4,14,0.9994,3.44,0.52,11.5,0,0.13
"711",7.3,0.835,0.03,2.1,0.092,10,19,0.9966,3.39,0.47,9.6,0,0.03
"712",7,0.45,0.34,2.7,0.082,16,72,0.998,3.55,0.6,9.5,0,0.34
"713",7.7,0.56,0.2,2,0.075,9,39,0.9987,3.48,0.62,9.3,0,0.2
"714",7.7,0.965,0.1,2.1,0.112,11,22,0.9963,3.26,0.5,9.5,0,0.1
"715",7.7,0.965,0.1,2.1,0.112,11,22,0.9963,3.26,0.5,9.5,0,0.1
"716",8.2,0.59,NA,2.5,0.093,19,58,1.0002,3.5,0.65,9.3,1,0
"717",9,0.46,0.23,2.8,0.092,28,104,0.9983,3.1,0.56,9.2,0,0.23
"718",9,0.69,NA,2.4,0.088,19,38,0.999,3.35,0.6,9.3,0,0
"719",8.3,0.76,0.29,4.2,0.075,12,16,0.9965,3.45,0.68,11.5,1,0.29
"720",9.2,0.53,0.24,2.6,0.078,28,139,0.99788,3.21,0.57,9.5,0,0.24
"721",6.5,0.615,NA,1.9,0.065,9,18,0.9972,3.46,0.65,9.2,0,0
"722",11.6,0.41,0.58,2.8,0.096,25,101,1.00024,3.13,0.53,10,0,0.58
"723",11.1,0.39,0.54,2.7,0.095,21,101,1.0001,3.13,0.51,9.5,0,0.54
"724",7.3,0.51,0.18,2.1,0.07,12,28,0.99768,3.52,0.73,9.5,1,0.18
"725",8.2,0.34,0.38,2.5,0.08,12,57,0.9978,3.3,0.47,9,1,0.38
"726",8.6,0.33,0.4,2.6,0.083,16,68,0.99782,3.3,0.48,9.4,0,0.4
"727",7.2,0.5,0.18,2.1,0.071,12,31,0.99761,3.52,0.72,9.6,1,0.18
"728",7.3,0.51,0.18,2.1,0.07,12,28,0.99768,3.52,0.73,9.5,1,0.18
"729",8.3,0.65,0.1,2.9,0.089,17,40,0.99803,3.29,0.55,9.5,0,0.1
"730",8.3,0.65,0.1,2.9,0.089,17,40,0.99803,3.29,0.55,9.5,0,0.1
"731",7.6,0.54,0.13,2.5,0.097,24,66,0.99785,3.39,0.61,9.4,0,0.13
"732",8.3,0.65,0.1,2.9,0.089,17,40,0.99803,3.29,0.55,9.5,0,0.1
"733",7.8,0.48,0.68,1.7,0.415,14,32,0.99656,3.09,1.06,9.1,1,0.68
"734",7.8,0.91,0.07,1.9,0.058,22,47,0.99525,3.51,0.43,10.7,1,0.07
"735",6.3,0.98,0.01,2,0.057,15,33,0.99488,3.6,0.46,11.2,1,0.01
"736",8.1,0.87,NA,2.2,0.084,10,31,0.99656,3.25,0.5,9.8,0,0
"737",8.1,0.87,NA,2.2,0.084,10,31,0.99656,3.25,0.5,9.8,0,0
"738",8.8,0.42,0.21,2.5,0.092,33,88,0.99823,3.19,0.52,9.2,0,0.21
"739",9,0.58,0.25,2.8,0.075,9,104,0.99779,3.23,0.57,9.7,0,0.25
"740",9.3,0.655,0.26,2,0.096,5,35,0.99738,3.25,0.42,9.6,0,0.26
"741",8.8,0.7,NA,1.7,0.069,8,19,0.99701,3.31,0.53,10,1,0
"742",9.3,0.655,0.26,2,0.096,5,35,0.99738,3.25,0.42,9.6,0,0.26
"743",9.1,0.68,0.11,2.8,0.093,11,44,0.99888,3.31,0.55,9.5,1,0.11
"744",9.2,0.67,0.1,3,0.091,12,48,0.99888,3.31,0.54,9.5,1,0.1
"745",8.8,0.59,0.18,2.9,0.089,12,74,0.99738,3.14,0.54,9.4,0,0.18
"746",7.5,0.6,0.32,2.7,0.103,13,98,0.99938,3.45,0.62,9.5,0,0.32
"747",7.1,0.59,0.02,2.3,0.082,24,94,0.99744,3.55,0.53,9.7,1,0.02
"748",7.9,0.72,0.01,1.9,0.076,7,32,0.99668,3.39,0.54,9.6,0,0.01
"749",7.1,0.59,0.02,2.3,0.082,24,94,0.99744,3.55,0.53,9.7,1,0.02
"750",9.4,0.685,0.26,2.4,0.082,23,143,0.9978,3.28,0.55,9.4,0,0.26
"751",9.5,0.57,0.27,2.3,0.082,23,144,0.99782,3.27,0.55,9.4,0,0.27
"752",7.9,0.4,0.29,1.8,0.157,1,44,0.9973,3.3,0.92,9.5,1,0.29
"753",7.9,0.4,0.3,1.8,0.157,2,45,0.99727,3.31,0.91,9.5,1,0.3
"754",7.2,1,NA,3,0.102,7,16,0.99586,3.43,0.46,10,0,0
"755",6.9,0.765,0.18,2.4,0.243,5.5,48,0.99612,3.4,0.6,10.3,1,0.18
"756",6.9,0.635,0.17,2.4,0.241,6,18,0.9961,3.4,0.59,10.3,1,0.17
"757",8.3,0.43,0.3,3.4,0.079,7,34,0.99788,3.36,0.61,10.5,0,0.3
"758",7.1,0.52,0.03,2.6,0.076,21,92,0.99745,3.5,0.6,9.8,0,0.03
"759",7,0.57,NA,2,0.19,12,45,0.99676,3.31,0.6,9.4,1,0
"760",6.5,0.46,0.14,2.4,0.114,9,37,0.99732,3.66,0.65,9.8,0,0.14
"761",9,0.82,0.05,2.4,0.081,26,96,0.99814,3.36,0.53,10,0,0.05
"762",6.5,0.46,0.14,2.4,0.114,9,37,0.99732,3.66,0.65,9.8,0,0.14
"763",7.1,0.59,0.01,2.5,0.077,20,85,0.99746,3.55,0.59,9.8,0,0.01
"764",9.9,0.35,0.41,2.3,0.083,11,61,0.9982,3.21,0.5,9.5,0,0.41
"765",9.9,0.35,0.41,2.3,0.083,11,61,0.9982,3.21,0.5,9.5,0,0.41
"766",10,0.56,0.24,2.2,0.079,19,58,0.9991,3.18,0.56,10.1,1,0.24
"767",10,0.56,0.24,2.2,0.079,19,58,0.9991,3.18,0.56,10.1,1,0.24
"768",8.6,0.63,0.17,2.9,0.099,21,119,0.998,3.09,0.52,9.3,0,0.17
"769",7.4,0.37,0.43,2.6,0.082,18,82,0.99708,3.33,0.68,9.7,1,0.43
"770",8.8,0.64,0.17,2.9,0.084,25,130,0.99818,3.23,0.54,9.6,0,0.17
"771",7.1,0.61,0.02,2.5,0.081,17,87,0.99745,3.48,0.6,9.7,1,0.02
"772",7.7,0.6,NA,2.6,0.055,7,13,0.99639,3.38,0.56,10.8,1,0
"773",10.1,0.27,0.54,2.3,0.065,7,26,0.99531,3.17,0.53,12.5,1,0.54
"774",8.7,0.46,0.31,2.5,0.126,24,64,0.99746,3.1,0.74,9.6,0,0.31
"775",9.3,0.37,0.44,1.6,0.038,21,42,0.99526,3.24,0.81,10.8,1,0.44
"776",9.4,0.5,0.34,3.6,0.082,5,14,0.9987,3.29,0.52,10.7,1,0.34
"777",9.4,0.5,0.34,3.6,0.082,5,14,0.9987,3.29,0.52,10.7,1,0.34
"778",7.2,0.61,0.08,4,0.082,26,108,0.99641,3.25,0.51,9.4,0,0.08
"779",8.6,0.55,0.09,3.3,0.068,8,17,0.99735,3.23,0.44,10,0,0.09
"780",5.1,0.585,NA,1.7,0.044,14,86,0.99264,3.56,0.94,12.9,1,0
"781",7.7,0.56,0.08,2.5,0.114,14,46,0.9971,3.24,0.66,9.6,1,0.08
"782",8.4,0.52,0.22,2.7,0.084,4,18,0.99682,3.26,0.57,9.9,1,0.22
"783",8.2,0.28,0.4,2.4,0.052,4,10,0.99356,3.33,0.7,12.8,1,0.4
"784",8.4,0.25,0.39,2,0.041,4,10,0.99386,3.27,0.71,12.5,1,0.39
"785",8.2,0.28,0.4,2.4,0.052,4,10,0.99356,3.33,0.7,12.8,1,0.4
"786",7.4,0.53,0.12,1.9,0.165,4,12,0.99702,3.26,0.86,9.2,0,0.12
"787",7.6,0.48,0.31,2.8,0.07,4,15,0.99693,3.22,0.55,10.3,1,0.31
"788",7.3,0.49,0.1,2.6,0.068,4,14,0.99562,3.3,0.47,10.5,0,0.1
"789",12.9,0.5,0.55,2.8,0.072,7,24,1.00012,3.09,0.68,10.9,1,0.55
"790",10.8,0.45,0.33,2.5,0.099,20,38,0.99818,3.24,0.71,10.8,0,0.33
"791",6.9,0.39,0.24,2.1,0.102,4,7,0.99462,3.44,0.58,11.4,0,0.24
"792",12.6,0.41,0.54,2.8,0.103,19,41,0.99939,3.21,0.76,11.3,1,0.54
"793",10.8,0.45,0.33,2.5,0.099,20,38,0.99818,3.24,0.71,10.8,0,0.33
"794",9.8,0.51,0.19,3.2,0.081,8,30,0.9984,3.23,0.58,10.5,1,0.19
"795",10.8,0.29,0.42,1.6,0.084,19,27,0.99545,3.28,0.73,11.9,1,0.42
"796",7.1,0.715,NA,2.35,0.071,21,47,0.99632,3.29,0.45,9.4,0,0
"797",9.1,0.66,0.15,3.2,0.097,9,59,0.99976,3.28,0.54,9.6,0,0.15
"798",7,0.685,NA,1.9,0.099,9,22,0.99606,3.34,0.6,9.7,0,0
"799",4.9,0.42,NA,2.1,0.048,16,42,0.99154,3.71,0.74,14,1,0
"800",6.7,0.54,0.13,2,0.076,15,36,0.9973,3.61,0.64,9.8,0,0.13
"801",6.7,0.54,0.13,2,0.076,15,36,0.9973,3.61,0.64,9.8,0,0.13
"802",7.1,0.48,0.28,2.8,0.068,6,16,0.99682,3.24,0.53,10.3,0,0.28
"803",7.1,0.46,0.14,2.8,0.076,15,37,0.99624,3.36,0.49,10.7,0,0.14
"804",7.5,0.27,0.34,2.3,0.05,4,8,0.9951,3.4,0.64,11,1,0.34
"805",7.1,0.46,0.14,2.8,0.076,15,37,0.99624,3.36,0.49,10.7,0,0.14
"806",7.8,0.57,0.09,2.3,0.065,34,45,0.99417,3.46,0.74,12.7,1,0.09
"807",5.9,0.61,0.08,2.1,0.071,16,24,0.99376,3.56,0.77,11.1,1,0.08
"808",7.5,0.685,0.07,2.5,0.058,5,9,0.99632,3.38,0.55,10.9,0,0.07
"809",5.9,0.61,0.08,2.1,0.071,16,24,0.99376,3.56,0.77,11.1,1,0.08
"810",10.4,0.44,0.42,1.5,0.145,34,48,0.99832,3.38,0.86,9.9,0,0.42
"811",11.6,0.47,0.44,1.6,0.147,36,51,0.99836,3.38,0.86,9.9,0,0.44
"812",8.8,0.685,0.26,1.6,0.088,16,23,0.99694,3.32,0.47,9.4,0,0.26
"813",7.6,0.665,0.1,1.5,0.066,27,55,0.99655,3.39,0.51,9.3,0,0.1
"814",6.7,0.28,0.28,2.4,0.012,36,100,0.99064,3.26,0.39,11.7,1,0.28
"815",6.7,0.28,0.28,2.4,0.012,36,100,0.99064,3.26,0.39,11.7,1,0.28
"816",10.1,0.31,0.35,1.6,0.075,9,28,0.99672,3.24,0.83,11.2,1,0.35
"817",6,0.5,0.04,2.2,0.092,13,26,0.99647,3.46,0.47,10,0,0.04
"818",11.1,0.42,0.47,2.65,0.085,9,34,0.99736,3.24,0.77,12.1,1,0.47
"819",6.6,0.66,NA,3,0.115,21,31,0.99629,3.45,0.63,10.3,0,0
"820",10.6,0.5,0.45,2.6,0.119,34,68,0.99708,3.23,0.72,10.9,1,0.45
"821",7.1,0.685,0.35,2,0.088,9,92,0.9963,3.28,0.62,9.4,0,0.35
"822",9.9,0.25,0.46,1.7,0.062,26,42,0.9959,3.18,0.83,10.6,1,0.46
"823",6.4,0.64,0.21,1.8,0.081,14,31,0.99689,3.59,0.66,9.8,0,0.21
"824",6.4,0.64,0.21,1.8,0.081,14,31,0.99689,3.59,0.66,9.8,0,0.21
"825",7.4,0.68,0.16,1.8,0.078,12,39,0.9977,3.5,0.7,9.9,1,0.16
"826",6.4,0.64,0.21,1.8,0.081,14,31,0.99689,3.59,0.66,9.8,0,0.21
"827",6.4,0.63,0.21,1.6,0.08,12,32,0.99689,3.58,0.66,9.8,0,0.21
"828",9.3,0.43,0.44,1.9,0.085,9,22,0.99708,3.28,0.55,9.5,0,0.44
"829",9.3,0.43,0.44,1.9,0.085,9,22,0.99708,3.28,0.55,9.5,0,0.44
"830",8,0.42,0.32,2.5,0.08,26,122,0.99801,3.22,1.07,9.7,0,0.32
"831",9.3,0.36,0.39,1.5,0.08,41,55,0.99652,3.47,0.73,10.9,1,0.39
"832",9.3,0.36,0.39,1.5,0.08,41,55,0.99652,3.47,0.73,10.9,1,0.39
"833",7.6,0.735,0.02,2.5,0.071,10,14,0.99538,3.51,0.71,11.7,1,0.02
"834",9.3,0.36,0.39,1.5,0.08,41,55,0.99652,3.47,0.73,10.9,1,0.39
"835",8.2,0.26,0.34,2.5,0.073,16,47,0.99594,3.4,0.78,11.3,1,0.34
"836",11.7,0.28,0.47,1.7,0.054,17,32,0.99686,3.15,0.67,10.6,1,0.47
"837",6.8,0.56,0.22,1.8,0.074,15,24,0.99438,3.4,0.82,11.2,1,0.22
"838",7.2,0.62,0.06,2.7,0.077,15,85,0.99746,3.51,0.54,9.5,0,0.06
"839",5.8,1.01,0.66,2,0.039,15,88,0.99357,3.66,0.6,11.5,1,0.66
"840",7.5,0.42,0.32,2.7,0.067,7,25,0.99628,3.24,0.44,10.4,0,0.32
"841",7.2,0.62,0.06,2.5,0.078,17,84,0.99746,3.51,0.53,9.7,0,0.06
"842",7.2,0.62,0.06,2.7,0.077,15,85,0.99746,3.51,0.54,9.5,0,0.06
"843",7.2,0.635,0.07,2.6,0.077,16,86,0.99748,3.51,0.54,9.7,0,0.07
"844",6.8,0.49,0.22,2.3,0.071,13,24,0.99438,3.41,0.83,11.3,1,0.22
"845",6.9,0.51,0.23,2,0.072,13,22,0.99438,3.4,0.84,11.2,1,0.23
"846",6.8,0.56,0.22,1.8,0.074,15,24,0.99438,3.4,0.82,11.2,1,0.22
"847",7.6,0.63,0.03,2,0.08,27,43,0.99578,3.44,0.64,10.9,1,0.03
"848",7.7,0.715,0.01,2.1,0.064,31,43,0.99371,3.41,0.57,11.8,1,0.01
"849",6.9,0.56,0.03,1.5,0.086,36,46,0.99522,3.53,0.57,10.6,0,0.03
"850",7.3,0.35,0.24,2,0.067,28,48,0.99576,3.43,0.54,10,0,0.24
"851",9.1,0.21,0.37,1.6,0.067,6,10,0.99552,3.23,0.58,11.1,1,0.37
"852",10.4,0.38,0.46,2.1,0.104,6,10,0.99664,3.12,0.65,11.8,1,0.46
"853",8.8,0.31,0.4,2.8,0.109,7,16,0.99614,3.31,0.79,11.8,1,0.4
"854",7.1,0.47,NA,2.2,0.067,7,14,0.99517,3.4,0.58,10.9,0,0
"855",7.7,0.715,0.01,2.1,0.064,31,43,0.99371,3.41,0.57,11.8,1,0.01
"856",8.8,0.61,0.19,4,0.094,30,69,0.99787,3.22,0.5,10,1,0.19
"857",7.2,0.6,0.04,2.5,0.076,18,88,0.99745,3.53,0.55,9.5,0,0.04
"858",9.2,0.56,0.18,1.6,0.078,10,21,0.99576,3.15,0.49,9.9,0,0.18
"859",7.6,0.715,NA,2.1,0.068,30,35,0.99533,3.48,0.65,11.4,1,0
"860",8.4,0.31,0.29,3.1,0.194,14,26,0.99536,3.22,0.78,12,1,0.29
"861",7.2,0.6,0.04,2.5,0.076,18,88,0.99745,3.53,0.55,9.5,0,0.04
"862",8.8,0.61,0.19,4,0.094,30,69,0.99787,3.22,0.5,10,1,0.19
"863",8.9,0.75,0.14,2.5,0.086,9,30,0.99824,3.34,0.64,10.5,0,0.14
"864",9,0.8,0.12,2.4,0.083,8,28,0.99836,3.33,0.65,10.4,1,0.12
"865",10.7,0.52,0.38,2.6,0.066,29,56,0.99577,3.15,0.79,12.1,1,0.38
"866",6.8,0.57,NA,2.5,0.072,32,64,0.99491,3.43,0.56,11.2,1,0
"867",10.7,0.9,0.34,6.6,0.112,23,99,1.00289,3.22,0.68,9.3,0,0.34
"868",7.2,0.34,0.24,2,0.071,30,52,0.99576,3.44,0.58,10.1,0,0.24
"869",7.2,0.66,0.03,2.3,0.078,16,86,0.99743,3.53,0.57,9.7,0,0.03
"870",10.1,0.45,0.23,1.9,0.082,10,18,0.99774,3.22,0.65,9.3,1,0.23
"871",7.2,0.66,0.03,2.3,0.078,16,86,0.99743,3.53,0.57,9.7,0,0.03
"872",7.2,0.63,0.03,2.2,0.08,17,88,0.99745,3.53,0.58,9.8,1,0.03
"873",7.1,0.59,0.01,2.3,0.08,27,43,0.9955,3.42,0.58,10.7,1,0.01
"874",8.3,0.31,0.39,2.4,0.078,17,43,0.99444,3.31,0.77,12.5,1,0.39
"875",7.1,0.59,0.01,2.3,0.08,27,43,0.9955,3.42,0.58,10.7,1,0.01
"876",8.3,0.31,0.39,2.4,0.078,17,43,0.99444,3.31,0.77,12.5,1,0.39
"877",8.3,1.02,0.02,3.4,0.084,6,11,0.99892,3.48,0.49,11,0,0.02
"878",8.9,0.31,0.36,2.6,0.056,10,39,0.99562,3.4,0.69,11.8,0,0.36
"879",7.4,0.635,0.1,2.4,0.08,16,33,0.99736,3.58,0.69,10.8,1,0.1
"880",7.4,0.635,0.1,2.4,0.08,16,33,0.99736,3.58,0.69,10.8,1,0.1
"881",6.8,0.59,0.06,6,0.06,11,18,0.9962,3.41,0.59,10.8,1,0.06
"882",6.8,0.59,0.06,6,0.06,11,18,0.9962,3.41,0.59,10.8,1,0.06
"883",9.2,0.58,0.2,3,0.081,15,115,0.998,3.23,0.59,9.5,0,0.2
"884",7.2,0.54,0.27,2.6,0.084,12,78,0.9964,3.39,0.71,11,0,0.27
"885",6.1,0.56,NA,2.2,0.079,6,9,0.9948,3.59,0.54,11.5,1,0
"886",7.4,0.52,0.13,2.4,0.078,34,61,0.99528,3.43,0.59,10.8,1,0.13
"887",7.3,0.305,0.39,1.2,0.059,7,11,0.99331,3.29,0.52,11.5,1,0.39
"888",9.3,0.38,0.48,3.8,0.132,3,11,0.99577,3.23,0.57,13.2,1,0.48
"889",9.1,0.28,0.46,9,0.114,3,9,0.99901,3.18,0.6,10.9,1,0.46
"890",10,0.46,0.44,2.9,0.065,4,8,0.99674,3.33,0.62,12.2,1,0.44
"891",9.4,0.395,0.46,4.6,0.094,3,10,0.99639,3.27,0.64,12.2,1,0.46
"892",7.3,0.305,0.39,1.2,0.059,7,11,0.99331,3.29,0.52,11.5,1,0.39
"893",8.6,0.315,0.4,2.2,0.079,3,6,0.99512,3.27,0.67,11.9,1,0.4
"894",5.3,0.715,0.19,1.5,0.161,7,62,0.99395,3.62,0.61,11,0,0.19
"895",6.8,0.41,0.31,8.8,0.084,26,45,0.99824,3.38,0.64,10.1,1,0.31
"896",8.4,0.36,0.32,2.2,0.081,32,79,0.9964,3.3,0.72,11,1,0.32
"897",8.4,0.62,0.12,1.8,0.072,38,46,0.99504,3.38,0.89,11.8,1,0.12
"898",9.6,0.41,0.37,2.3,0.091,10,23,0.99786,3.24,0.56,10.5,0,0.37
"899",8.4,0.36,0.32,2.2,0.081,32,79,0.9964,3.3,0.72,11,1,0.32
"900",8.4,0.62,0.12,1.8,0.072,38,46,0.99504,3.38,0.89,11.8,1,0.12
"901",6.8,0.41,0.31,8.8,0.084,26,45,0.99824,3.38,0.64,10.1,1,0.31
"902",8.6,0.47,0.27,2.3,0.055,14,28,0.99516,3.18,0.8,11.2,0,0.27
"903",8.6,0.22,0.36,1.9,0.064,53,77,0.99604,3.47,0.87,11,1,0.36
"904",9.4,0.24,0.33,2.3,0.061,52,73,0.99786,3.47,0.9,10.2,1,0.33
"905",8.4,0.67,0.19,2.2,0.093,11,75,0.99736,3.2,0.59,9.2,0,0.19
"906",8.6,0.47,0.27,2.3,0.055,14,28,0.99516,3.18,0.8,11.2,0,0.27
"907",8.7,0.33,0.38,3.3,0.063,10,19,0.99468,3.3,0.73,12,1,0.38
"908",6.6,0.61,0.01,1.9,0.08,8,25,0.99746,3.69,0.73,10.5,0,0.01
"909",7.4,0.61,0.01,2,0.074,13,38,0.99748,3.48,0.65,9.8,0,0.01
"910",7.6,0.4,0.29,1.9,0.078,29,66,0.9971,3.45,0.59,9.5,1,0.29
"911",7.4,0.61,0.01,2,0.074,13,38,0.99748,3.48,0.65,9.8,0,0.01
"912",6.6,0.61,0.01,1.9,0.08,8,25,0.99746,3.69,0.73,10.5,0,0.01
"913",8.8,0.3,0.38,2.3,0.06,19,72,0.99543,3.39,0.72,11.8,1,0.38
"914",8.8,0.3,0.38,2.3,0.06,19,72,0.99543,3.39,0.72,11.8,1,0.38
"915",12,0.63,0.5,1.4,0.071,6,26,0.99791,3.07,0.6,10.4,0,0.5
"916",7.2,0.38,0.38,2.8,0.068,23,42,0.99356,3.34,0.72,12.9,1,0.38
"917",6.2,0.46,0.17,1.6,0.073,7,11,0.99425,3.61,0.54,11.4,0,0.17
"918",9.6,0.33,0.52,2.2,0.074,13,25,0.99509,3.36,0.76,12.4,1,0.52
"919",9.9,0.27,0.49,5,0.082,9,17,0.99484,3.19,0.52,12.5,1,0.49
"920",10.1,0.43,0.4,2.6,0.092,13,52,0.99834,3.22,0.64,10,1,0.4
"921",9.8,0.5,0.34,2.3,0.094,10,45,0.99864,3.24,0.6,9.7,1,0.34
"922",8.3,0.3,0.49,3.8,0.09,11,24,0.99498,3.27,0.64,12.1,1,0.49
"923",10.2,0.44,0.42,2,0.071,7,20,0.99566,3.14,0.79,11.1,1,0.42
"924",10.2,0.44,0.58,4.1,0.092,11,24,0.99745,3.29,0.99,12,1,0.58
"925",8.3,0.28,0.48,2.1,0.093,6,12,0.99408,3.26,0.62,12.4,1,0.48
"926",8.9,0.12,0.45,1.8,0.075,10,21,0.99552,3.41,0.76,11.9,1,0.45
"927",8.9,0.12,0.45,1.8,0.075,10,21,0.99552,3.41,0.76,11.9,1,0.45
"928",8.9,0.12,0.45,1.8,0.075,10,21,0.99552,3.41,0.76,11.9,1,0.45
"929",8.3,0.28,0.48,2.1,0.093,6,12,0.99408,3.26,0.62,12.4,1,0.48
"930",8.2,0.31,0.4,2.2,0.058,6,10,0.99536,3.31,0.68,11.2,1,0.4
"931",10.2,0.34,0.48,2.1,0.052,5,9,0.99458,3.2,0.69,12.1,1,0.48
"932",7.6,0.43,0.4,2.7,0.082,6,11,0.99538,3.44,0.54,12.2,1,0.4
"933",8.5,0.21,0.52,1.9,0.09,9,23,0.99648,3.36,0.67,10.4,0,0.52
"934",9,0.36,0.52,2.1,0.111,5,10,0.99568,3.31,0.62,11.3,1,0.52
"935",9.5,0.37,0.52,2,0.088,12,51,0.99613,3.29,0.58,11.1,1,0.52
"936",6.4,0.57,0.12,2.3,0.12,25,36,0.99519,3.47,0.71,11.3,1,0.12
"937",8,0.59,0.05,2,0.089,12,32,0.99735,3.36,0.61,10,0,0.05
"938",8.5,0.47,0.27,1.9,0.058,18,38,0.99518,3.16,0.85,11.1,1,0.27
"939",7.1,0.56,0.14,1.6,0.078,7,18,0.99592,3.27,0.62,9.3,0,0.14
"940",6.6,0.57,0.02,2.1,0.115,6,16,0.99654,3.38,0.69,9.5,0,0.02
"941",8.8,0.27,0.39,2,0.1,20,27,0.99546,3.15,0.69,11.2,1,0.39
"942",8.5,0.47,0.27,1.9,0.058,18,38,0.99518,3.16,0.85,11.1,1,0.27
"943",8.3,0.34,0.4,2.4,0.065,24,48,0.99554,3.34,0.86,11,1,0.4
"944",9,0.38,0.41,2.4,0.103,6,10,0.99604,3.13,0.58,11.9,1,0.41
"945",8.5,0.66,0.2,2.1,0.097,23,113,0.99733,3.13,0.48,9.2,0,0.2
"946",9,0.4,0.43,2.4,0.068,29,46,0.9943,3.2,0.6,12.2,1,0.43
"947",6.7,0.56,0.09,2.9,0.079,7,22,0.99669,3.46,0.61,10.2,0,0.09
"948",10.4,0.26,0.48,1.9,0.066,6,10,0.99724,3.33,0.87,10.9,1,0.48
"949",10.4,0.26,0.48,1.9,0.066,6,10,0.99724,3.33,0.87,10.9,1,0.48
"950",10.1,0.38,0.5,2.4,0.104,6,13,0.99643,3.22,0.65,11.6,1,0.5
"951",8.5,0.34,0.44,1.7,0.079,6,12,0.99605,3.52,0.63,10.7,0,0.44
"952",8.8,0.33,0.41,5.9,0.073,7,13,0.99658,3.3,0.62,12.1,1,0.41
"953",7.2,0.41,0.3,2.1,0.083,35,72,0.997,3.44,0.52,9.4,0,0.3
"954",7.2,0.41,0.3,2.1,0.083,35,72,0.997,3.44,0.52,9.4,0,0.3
"955",8.4,0.59,0.29,2.6,0.109,31,119,0.99801,3.15,0.5,9.1,0,0.29
"956",7,0.4,0.32,3.6,0.061,9,29,0.99416,3.28,0.49,11.3,1,0.32
"957",12.2,0.45,0.49,1.4,0.075,3,6,0.9969,3.13,0.63,10.4,0,0.49
"958",9.1,0.5,0.3,1.9,0.065,8,17,0.99774,3.32,0.71,10.5,1,0.3
"959",9.5,0.86,0.26,1.9,0.079,13,28,0.99712,3.25,0.62,10,0,0.26
"960",7.3,0.52,0.32,2.1,0.07,51,70,0.99418,3.34,0.82,12.9,1,0.32
"961",9.1,0.5,0.3,1.9,0.065,8,17,0.99774,3.32,0.71,10.5,1,0.3
"962",12.2,0.45,0.49,1.4,0.075,3,6,0.9969,3.13,0.63,10.4,0,0.49
"963",7.4,0.58,NA,2,0.064,7,11,0.99562,3.45,0.58,11.3,1,0
"964",9.8,0.34,0.39,1.4,0.066,3,7,0.9947,3.19,0.55,11.4,1,0.39
"965",7.1,0.36,0.3,1.6,0.08,35,70,0.99693,3.44,0.5,9.4,0,0.3
"966",7.7,0.39,0.12,1.7,0.097,19,27,0.99596,3.16,0.49,9.4,0,0.12
"967",9.7,0.295,0.4,1.5,0.073,14,21,0.99556,3.14,0.51,10.9,1,0.4
"968",7.7,0.39,0.12,1.7,0.097,19,27,0.99596,3.16,0.49,9.4,0,0.12
"969",7.1,0.34,0.28,2,0.082,31,68,0.99694,3.45,0.48,9.4,0,0.28
"970",6.5,0.4,0.1,2,0.076,30,47,0.99554,3.36,0.48,9.4,1,0.1
"971",7.1,0.34,0.28,2,0.082,31,68,0.99694,3.45,0.48,9.4,0,0.28
"972",10,0.35,0.45,2.5,0.092,20,88,0.99918,3.15,0.43,9.4,0,0.45
"973",7.7,0.6,0.06,2,0.079,19,41,0.99697,3.39,0.62,10.1,1,0.06
"974",5.6,0.66,NA,2.2,0.087,3,11,0.99378,3.71,0.63,12.8,1,0
"975",5.6,0.66,NA,2.2,0.087,3,11,0.99378,3.71,0.63,12.8,1,0
"976",8.9,0.84,0.34,1.4,0.05,4,10,0.99554,3.12,0.48,9.1,1,0.34
"977",6.4,0.69,NA,1.65,0.055,7,12,0.99162,3.47,0.53,12.9,1,0
"978",7.5,0.43,0.3,2.2,0.062,6,12,0.99495,3.44,0.72,11.5,1,0.3
"979",9.9,0.35,0.38,1.5,0.058,31,47,0.99676,3.26,0.82,10.6,1,0.38
"980",9.1,0.29,0.33,2.05,0.063,13,27,0.99516,3.26,0.84,11.7,1,0.33
"981",6.8,0.36,0.32,1.8,0.067,4,8,0.9928,3.36,0.55,12.8,1,0.32
"982",8.2,0.43,0.29,1.6,0.081,27,45,0.99603,3.25,0.54,10.3,0,0.29
"983",6.8,0.36,0.32,1.8,0.067,4,8,0.9928,3.36,0.55,12.8,1,0.32
"984",9.1,0.29,0.33,2.05,0.063,13,27,0.99516,3.26,0.84,11.7,1,0.33
"985",9.1,0.3,0.34,2,0.064,12,25,0.99516,3.26,0.84,11.7,1,0.34
"986",8.9,0.35,0.4,3.6,0.11,12,24,0.99549,3.23,0.7,12,1,0.4
"987",9.6,0.5,0.36,2.8,0.116,26,55,0.99722,3.18,0.68,10.9,0,0.36
"988",8.9,0.28,0.45,1.7,0.067,7,12,0.99354,3.25,0.55,12.3,1,0.45
"989",8.9,0.32,0.31,2,0.088,12,19,0.9957,3.17,0.55,10.4,1,0.31
"990",7.7,1.005,0.15,2.1,0.102,11,32,0.99604,3.23,0.48,10,0,0.15
"991",7.5,0.71,NA,1.6,0.092,22,31,0.99635,3.38,0.58,10,1,0
"992",8,0.58,0.16,2,0.12,3,7,0.99454,3.22,0.58,11.2,1,0.16
"993",10.5,0.39,0.46,2.2,0.075,14,27,0.99598,3.06,0.84,11.4,1,0.46
"994",8.9,0.38,0.4,2.2,0.068,12,28,0.99486,3.27,0.75,12.6,1,0.4
"995",7,0.5,0.14,1.8,0.078,10,23,0.99636,3.53,0.61,10.4,0,0.14
"996",11.3,0.36,0.66,2.4,0.123,3,8,0.99642,3.2,0.53,11.9,1,0.66
"997",11.3,0.36,0.66,2.4,0.123,3,8,0.99642,3.2,0.53,11.9,1,0.66
"998",7,0.51,0.09,2.1,0.062,4,9,0.99584,3.35,0.54,10.5,0,0.09
"999",8.2,0.32,0.42,2.3,0.098,3,9,0.99506,3.27,0.55,12.3,1,0.42
"1000",7.7,0.58,0.01,1.8,0.088,12,18,0.99568,3.32,0.56,10.5,1,0.01
"1001",8.6,0.83,NA,2.8,0.095,17,43,0.99822,3.33,0.6,10.4,1,0
"1002",7.9,0.31,0.32,1.9,0.066,14,36,0.99364,3.41,0.56,12.6,1,0.32
"1003",6.4,0.795,NA,2.2,0.065,28,52,0.99378,3.49,0.52,11.6,0,0
"1004",7.2,0.34,0.21,2.5,0.075,41,68,0.99586,3.37,0.54,10.1,1,0.21
"1005",7.7,0.58,0.01,1.8,0.088,12,18,0.99568,3.32,0.56,10.5,1,0.01
"1006",7.1,0.59,NA,2.1,0.091,9,14,0.99488,3.42,0.55,11.5,1,0
"1007",7.3,0.55,0.01,1.8,0.093,9,15,0.99514,3.35,0.58,11,1,0.01
"1008",8.1,0.82,NA,4.1,0.095,5,14,0.99854,3.36,0.53,9.6,0,0
"1009",7.5,0.57,0.08,2.6,0.089,14,27,0.99592,3.3,0.59,10.4,1,0.08
"1010",8.9,0.745,0.18,2.5,0.077,15,48,0.99739,3.2,0.47,9.7,1,0.18
"1011",10.1,0.37,0.34,2.4,0.085,5,17,0.99683,3.17,0.65,10.6,1,0.34
"1012",7.6,0.31,0.34,2.5,0.082,26,35,0.99356,3.22,0.59,12.5,1,0.34
"1013",7.3,0.91,0.1,1.8,0.074,20,56,0.99672,3.35,0.56,9.2,0,0.1
"1014",8.7,0.41,0.41,6.2,0.078,25,42,0.9953,3.24,0.77,12.6,1,0.41
"1015",8.9,0.5,0.21,2.2,0.088,21,39,0.99692,3.33,0.83,11.1,1,0.21
"1016",7.4,0.965,NA,2.2,0.088,16,32,0.99756,3.58,0.67,10.2,0,0
"1017",6.9,0.49,0.19,1.7,0.079,13,26,0.99547,3.38,0.64,9.8,1,0.19
"1018",8.9,0.5,0.21,2.2,0.088,21,39,0.99692,3.33,0.83,11.1,1,0.21
"1019",9.5,0.39,0.41,8.9,0.069,18,39,0.99859,3.29,0.81,10.9,1,0.41
"1020",6.4,0.39,0.33,3.3,0.046,12,53,0.99294,3.36,0.62,12.2,1,0.33
"1021",6.9,0.44,NA,1.4,0.07,32,38,0.99438,3.32,0.58,11.4,1,0
"1022",7.6,0.78,NA,1.7,0.076,33,45,0.99612,3.31,0.62,10.7,1,0
"1023",7.1,0.43,0.17,1.8,0.082,27,51,0.99634,3.49,0.64,10.4,0,0.17
"1024",9.3,0.49,0.36,1.7,0.081,3,14,0.99702,3.27,0.78,10.9,1,0.36
"1025",9.3,0.5,0.36,1.8,0.084,6,17,0.99704,3.27,0.77,10.8,1,0.36
"1026",7.1,0.43,0.17,1.8,0.082,27,51,0.99634,3.49,0.64,10.4,0,0.17
"1027",8.5,0.46,0.59,1.4,0.414,16,45,0.99702,3.03,1.34,9.2,0,0.59
"1028",5.6,0.605,0.05,2.4,0.073,19,25,0.99258,3.56,0.55,12.9,0,0.05
"1029",8.3,0.33,0.42,2.3,0.07,9,20,0.99426,3.38,0.77,12.7,1,0.42
"1030",8.2,0.64,0.27,2,0.095,5,77,0.99747,3.13,0.62,9.1,1,0.27
"1031",8.2,0.64,0.27,2,0.095,5,77,0.99747,3.13,0.62,9.1,1,0.27
"1032",8.9,0.48,0.53,4,0.101,3,10,0.99586,3.21,0.59,12.1,1,0.53
"1033",7.6,0.42,0.25,3.9,0.104,28,90,0.99784,3.15,0.57,9.1,0,0.25
"1034",9.9,0.53,0.57,2.4,0.093,30,52,0.9971,3.19,0.76,11.6,1,0.57
"1035",8.9,0.48,0.53,4,0.101,3,10,0.99586,3.21,0.59,12.1,1,0.53
"1036",11.6,0.23,0.57,1.8,0.074,3,8,0.9981,3.14,0.7,9.9,1,0.57
"1037",9.1,0.4,0.5,1.8,0.071,7,16,0.99462,3.21,0.69,12.5,1,0.5
"1038",8,0.38,0.44,1.9,0.098,6,15,0.9956,3.3,0.64,11.4,1,0.44
"1039",10.2,0.29,0.65,2.4,0.075,6,17,0.99565,3.22,0.63,11.8,1,0.65
"1040",8.2,0.74,0.09,2,0.067,5,10,0.99418,3.28,0.57,11.8,1,0.09
"1041",7.7,0.61,0.18,2.4,0.083,6,20,0.9963,3.29,0.6,10.2,1,0.18
"1042",6.6,0.52,0.08,2.4,0.07,13,26,0.99358,3.4,0.72,12.5,1,0.08
"1043",11.1,0.31,0.53,2.2,0.06,3,10,0.99572,3.02,0.83,10.9,1,0.53
"1044",11.1,0.31,0.53,2.2,0.06,3,10,0.99572,3.02,0.83,10.9,1,0.53
"1045",8,0.62,0.35,2.8,0.086,28,52,0.997,3.31,0.62,10.8,0,0.35
"1046",9.3,0.33,0.45,1.5,0.057,19,37,0.99498,3.18,0.89,11.1,1,0.45
"1047",7.5,0.77,0.2,8.1,0.098,30,92,0.99892,3.2,0.58,9.2,0,0.2
"1048",7.2,0.35,0.26,1.8,0.083,33,75,0.9968,3.4,0.58,9.5,1,0.26
"1049",8,0.62,0.33,2.7,0.088,16,37,0.9972,3.31,0.58,10.7,1,0.33
"1050",7.5,0.77,0.2,8.1,0.098,30,92,0.99892,3.2,0.58,9.2,0,0.2
"1051",9.1,0.25,0.34,2,0.071,45,67,0.99769,3.44,0.86,10.2,1,0.34
"1052",9.9,0.32,0.56,2,0.073,3,8,0.99534,3.15,0.73,11.4,1,0.56
"1053",8.6,0.37,0.65,6.4,0.08,3,8,0.99817,3.27,0.58,11,0,0.65
"1054",8.6,0.37,0.65,6.4,0.08,3,8,0.99817,3.27,0.58,11,0,0.65
"1055",7.9,0.3,0.68,8.3,0.05,37.5,278,0.99316,3.01,0.51,12.3,1,0.68
"1056",10.3,0.27,0.56,1.4,0.047,3,8,0.99471,3.16,0.51,11.8,1,0.56
"1057",7.9,0.3,0.68,8.3,0.05,37.5,289,0.99316,3.01,0.51,12.3,1,0.68
"1058",7.2,0.38,0.3,1.8,0.073,31,70,0.99685,3.42,0.59,9.5,1,0.3
"1059",8.7,0.42,0.45,2.4,0.072,32,59,0.99617,3.33,0.77,12,1,0.45
"1060",7.2,0.38,0.3,1.8,0.073,31,70,0.99685,3.42,0.59,9.5,1,0.3
"1061",6.8,0.48,0.08,1.8,0.074,40,64,0.99529,3.12,0.49,9.6,0,0.08
"1062",8.5,0.34,0.4,4.7,0.055,3,9,0.99738,3.38,0.66,11.6,1,0.4
"1063",7.9,0.19,0.42,1.6,0.057,18,30,0.994,3.29,0.69,11.2,1,0.42
"1064",11.6,0.41,0.54,1.5,0.095,22,41,0.99735,3.02,0.76,9.9,1,0.54
"1065",11.6,0.41,0.54,1.5,0.095,22,41,0.99735,3.02,0.76,9.9,1,0.54
"1066",7.9,0.34,0.42,2,0.086,8,19,0.99546,3.35,0.6,11.4,1,0.42
"1067",7,0.54,0.09,2,0.081,10,16,0.99479,3.43,0.59,11.5,1,0.09
"1068",9.2,0.31,0.36,2.2,0.079,11,31,0.99615,3.33,0.86,12,1,0.36
"1069",6.6,0.725,0.09,5.5,0.117,9,17,0.99655,3.35,0.49,10.8,1,0.09
"1070",9.4,0.4,0.47,2.5,0.087,6,20,0.99772,3.15,0.5,10.5,0,0.47
"1071",6.6,0.725,0.09,5.5,0.117,9,17,0.99655,3.35,0.49,10.8,1,0.09
"1072",8.6,0.52,0.38,1.5,0.096,5,18,0.99666,3.2,0.52,9.4,0,0.38
"1073",8,0.31,0.45,2.1,0.216,5,16,0.99358,3.15,0.81,12.5,1,0.45
"1074",8.6,0.52,0.38,1.5,0.096,5,18,0.99666,3.2,0.52,9.4,0,0.38
"1075",8.4,0.34,0.42,2.1,0.072,23,36,0.99392,3.11,0.78,12.4,1,0.42
"1076",7.4,0.49,0.27,2.1,0.071,14,25,0.99388,3.35,0.63,12,1,0.27
"1077",6.1,0.48,0.09,1.7,0.078,18,30,0.99402,3.45,0.54,11.2,1,0.09
"1078",7.4,0.49,0.27,2.1,0.071,14,25,0.99388,3.35,0.63,12,1,0.27
"1079",8,0.48,0.34,2.2,0.073,16,25,0.9936,3.28,0.66,12.4,1,0.34
"1080",6.3,0.57,0.28,2.1,0.048,13,49,0.99374,3.41,0.6,12.8,0,0.28
"1081",8.2,0.23,0.42,1.9,0.069,9,17,0.99376,3.21,0.54,12.3,1,0.42
"1082",9.1,0.3,0.41,2,0.068,10,24,0.99523,3.27,0.85,11.7,1,0.41
"1083",8.1,0.78,0.1,3.3,0.09,4,13,0.99855,3.36,0.49,9.5,0,0.1
"1084",10.8,0.47,0.43,2.1,0.171,27,66,0.9982,3.17,0.76,10.8,1,0.43
"1085",8.3,0.53,NA,1.4,0.07,6,14,0.99593,3.25,0.64,10,1,0
"1086",5.4,0.42,0.27,2,0.092,23,55,0.99471,3.78,0.64,12.3,1,0.27
"1087",7.9,0.33,0.41,1.5,0.056,6,35,0.99396,3.29,0.71,11,1,0.41
"1088",8.9,0.24,0.39,1.6,0.074,3,10,0.99698,3.12,0.59,9.5,1,0.39
"1089",5,0.4,0.5,4.3,0.046,29,80,0.9902,3.49,0.66,13.6,1,0.5
"1090",7,0.69,0.07,2.5,0.091,15,21,0.99572,3.38,0.6,11.3,1,0.07
"1091",7,0.69,0.07,2.5,0.091,15,21,0.99572,3.38,0.6,11.3,1,0.07
"1092",7,0.69,0.07,2.5,0.091,15,21,0.99572,3.38,0.6,11.3,1,0.07
"1093",7.1,0.39,0.12,2.1,0.065,14,24,0.99252,3.3,0.53,13.3,1,0.12
"1094",5.6,0.66,NA,2.5,0.066,7,15,0.99256,3.52,0.58,12.9,0,0
"1095",7.9,0.54,0.34,2.5,0.076,8,17,0.99235,3.2,0.72,13.1,1,0.34
"1096",6.6,0.5,NA,1.8,0.062,21,28,0.99352,3.44,0.55,12.3,1,0
"1097",6.3,0.47,NA,1.4,0.055,27,33,0.9922,3.45,0.48,12.3,1,0
"1098",10.7,0.4,0.37,1.9,0.081,17,29,0.99674,3.12,0.65,11.2,1,0.37
"1099",6.5,0.58,NA,2.2,0.096,3,13,0.99557,3.62,0.62,11.5,0,0
"1100",8.8,0.24,0.35,1.7,0.055,13,27,0.99394,3.14,0.59,11.3,1,0.35
"1101",5.8,0.29,0.26,1.7,0.063,3,11,0.9915,3.39,0.54,13.5,1,0.26
"1102",6.3,0.76,NA,2.9,0.072,26,52,0.99379,3.51,0.6,11.5,1,0
"1103",10,0.43,0.33,2.7,0.095,28,89,0.9984,3.22,0.68,10,0,0.33
"1104",10.5,0.43,0.35,3.3,0.092,24,70,0.99798,3.21,0.69,10.5,1,0.35
"1105",9.1,0.6,NA,1.9,0.058,5,10,0.9977,3.18,0.63,10.4,1,0
"1106",5.9,0.19,0.21,1.7,0.045,57,135,0.99341,3.32,0.44,9.5,0,0.21
"1107",7.4,0.36,0.34,1.8,0.075,18,38,0.9933,3.38,0.88,13.6,1,0.34
"1108",7.2,0.48,0.07,5.5,0.089,10,18,0.99684,3.37,0.68,11.2,1,0.07
"1109",8.5,0.28,0.35,1.7,0.061,6,15,0.99524,3.3,0.74,11.8,1,0.35
"1110",8,0.25,0.43,1.7,0.067,22,50,0.9946,3.38,0.6,11.9,1,0.43
"1111",10.4,0.52,0.45,2,0.08,6,13,0.99774,3.22,0.76,11.4,1,0.45
"1112",10.4,0.52,0.45,2,0.08,6,13,0.99774,3.22,0.76,11.4,1,0.45
"1113",7.5,0.41,0.15,3.7,0.104,29,94,0.99786,3.14,0.58,9.1,0,0.15
"1114",8.2,0.51,0.24,2,0.079,16,86,0.99764,3.34,0.64,9.5,1,0.24
"1115",7.3,0.4,0.3,1.7,0.08,33,79,0.9969,3.41,0.65,9.5,1,0.3
"1116",8.2,0.38,0.32,2.5,0.08,24,71,0.99624,3.27,0.85,11,1,0.32
"1117",6.9,0.45,0.11,2.4,0.043,6,12,0.99354,3.3,0.65,11.4,1,0.11
"1118",7,0.22,0.3,1.8,0.065,16,20,0.99672,3.61,0.82,10,1,0.3
"1119",7.3,0.32,0.23,2.3,0.066,35,70,0.99588,3.43,0.62,10.1,0,0.23
"1120",8.2,0.2,0.43,2.5,0.076,31,51,0.99672,3.53,0.81,10.4,1,0.43
"1121",7.8,0.5,0.12,1.8,0.178,6,21,0.996,3.28,0.87,9.8,1,0.12
"1122",10,0.41,0.45,6.2,0.071,6,14,0.99702,3.21,0.49,11.8,1,0.45
"1123",7.8,0.39,0.42,2,0.086,9,21,0.99526,3.39,0.66,11.6,1,0.42
"1124",10,0.35,0.47,2,0.061,6,11,0.99585,3.23,0.52,12,1,0.47
"1125",8.2,0.33,0.32,2.8,0.067,4,12,0.99473,3.3,0.76,12.8,1,0.32
"1126",6.1,0.58,0.23,2.5,0.044,16,70,0.99352,3.46,0.65,12.5,1,0.23
"1127",8.3,0.6,0.25,2.2,0.118,9,38,0.99616,3.15,0.53,9.8,0,0.25
"1128",9.6,0.42,0.35,2.1,0.083,17,38,0.99622,3.23,0.66,11.1,1,0.35
"1129",6.6,0.58,NA,2.2,0.1,50,63,0.99544,3.59,0.68,11.4,1,0
"1130",8.3,0.6,0.25,2.2,0.118,9,38,0.99616,3.15,0.53,9.8,0,0.25
"1131",8.5,0.18,0.51,1.75,0.071,45,88,0.99524,3.33,0.76,11.8,1,0.51
"1132",5.1,0.51,0.18,2.1,0.042,16,101,0.9924,3.46,0.87,12.9,1,0.18
"1133",6.7,0.41,0.43,2.8,0.076,22,54,0.99572,3.42,1.16,10.6,1,0.43
"1134",10.2,0.41,0.43,2.2,0.11,11,37,0.99728,3.16,0.67,10.8,0,0.43
"1135",10.6,0.36,0.57,2.3,0.087,6,20,0.99676,3.14,0.72,11.1,1,0.57
"1136",8.8,0.45,0.43,1.4,0.076,12,21,0.99551,3.21,0.75,10.2,1,0.43
"1137",8.5,0.32,0.42,2.3,0.075,12,19,0.99434,3.14,0.71,11.8,1,0.42
"1138",9,0.785,0.24,1.7,0.078,10,21,0.99692,3.29,0.67,10,0,0.24
"1139",9,0.785,0.24,1.7,0.078,10,21,0.99692,3.29,0.67,10,0,0.24
"1140",8.5,0.44,0.5,1.9,0.369,15,38,0.99634,3.01,1.1,9.4,0,0.5
"1141",8.2,0.33,0.39,2.5,0.074,29,48,0.99528,3.32,0.88,12.4,1,0.39
"1142",6.5,0.34,0.27,2.8,0.067,8,44,0.99384,3.21,0.56,12,1,0.27
"1143",7.6,0.5,0.29,2.3,0.086,5,14,0.99502,3.32,0.62,11.5,1,0.29
"1144",9.2,0.36,0.34,1.6,0.062,5,12,0.99667,3.2,0.67,10.5,1,0.34
"1145",7.1,0.59,NA,2.2,0.078,26,44,0.99522,3.42,0.68,10.8,1,0
"1146",9.7,0.42,0.46,2.1,0.074,5,16,0.99649,3.27,0.74,12.3,1,0.46
"1147",7.6,0.36,0.31,1.7,0.079,26,65,0.99716,3.46,0.62,9.5,1,0.31
"1148",7.6,0.36,0.31,1.7,0.079,26,65,0.99716,3.46,0.62,9.5,1,0.31
"1149",6.5,0.61,NA,2.2,0.095,48,59,0.99541,3.61,0.7,11.5,1,0
"1150",6.5,0.88,0.03,5.6,0.079,23,47,0.99572,3.58,0.5,11.2,0,0.03
"1151",7.1,0.66,NA,2.4,0.052,6,11,0.99318,3.35,0.66,12.7,1,0
"1152",5.6,0.915,NA,2.1,0.041,17,78,0.99346,3.68,0.73,11.4,0,0
"1153",8.2,0.35,0.33,2.4,0.076,11,47,0.99599,3.27,0.81,11,1,0.33
"1154",8.2,0.35,0.33,2.4,0.076,11,47,0.99599,3.27,0.81,11,1,0.33
"1155",9.8,0.39,0.43,1.65,0.068,5,11,0.99478,3.19,0.46,11.4,0,0.43
"1156",10.2,0.4,0.4,2.5,0.068,41,54,0.99754,3.38,0.86,10.5,1,0.4
"1157",6.8,0.66,0.07,1.6,0.07,16,61,0.99572,3.29,0.6,9.3,0,0.07
"1158",6.7,0.64,0.23,2.1,0.08,11,119,0.99538,3.36,0.7,10.9,0,0.23
"1159",7,0.43,0.3,2,0.085,6,39,0.99346,3.33,0.46,11.9,1,0.3
"1160",6.6,0.8,0.03,7.8,0.079,6,12,0.9963,3.52,0.5,12.2,0,0.03
"1161",7,0.43,0.3,2,0.085,6,39,0.99346,3.33,0.46,11.9,1,0.3
"1162",6.7,0.64,0.23,2.1,0.08,11,119,0.99538,3.36,0.7,10.9,0,0.23
"1163",8.8,0.955,0.05,1.8,0.075,5,19,0.99616,3.3,0.44,9.6,0,0.05
"1164",9.1,0.4,0.57,4.6,0.08,6,20,0.99652,3.28,0.57,12.5,1,0.57
"1165",6.5,0.885,NA,2.3,0.166,6,12,0.99551,3.56,0.51,10.8,0,0
"1166",7.2,0.25,0.37,2.5,0.063,11,41,0.99439,3.52,0.8,12.4,1,0.37
"1167",6.4,0.885,NA,2.3,0.166,6,12,0.99551,3.56,0.51,10.8,0,0
"1168",7,0.745,0.12,1.8,0.114,15,64,0.99588,3.22,0.59,9.5,1,0.12
"1169",6.2,0.43,0.22,1.8,0.078,21,56,0.99633,3.52,0.6,9.5,1,0.22
"1170",7.9,0.58,0.23,2.3,0.076,23,94,0.99686,3.21,0.58,9.5,1,0.23
"1171",7.7,0.57,0.21,1.5,0.069,4,9,0.99458,3.16,0.54,9.8,1,0.21
"1172",7.7,0.26,0.26,2,0.052,19,77,0.9951,3.15,0.79,10.9,1,0.26
"1173",7.9,0.58,0.23,2.3,0.076,23,94,0.99686,3.21,0.58,9.5,1,0.23
"1174",7.7,0.57,0.21,1.5,0.069,4,9,0.99458,3.16,0.54,9.8,1,0.21
"1175",7.9,0.34,0.36,1.9,0.065,5,10,0.99419,3.27,0.54,11.2,1,0.36
"1176",8.6,0.42,0.39,1.8,0.068,6,12,0.99516,3.35,0.69,11.7,1,0.39
"1177",9.9,0.74,0.19,5.8,0.111,33,76,0.99878,3.14,0.55,9.4,0,0.19
"1178",7.2,0.36,0.46,2.1,0.074,24,44,0.99534,3.4,0.85,11,1,0.46
"1179",7.2,0.36,0.46,2.1,0.074,24,44,0.99534,3.4,0.85,11,1,0.46
"1180",7.2,0.36,0.46,2.1,0.074,24,44,0.99534,3.4,0.85,11,1,0.46
"1181",9.9,0.72,0.55,1.7,0.136,24,52,0.99752,3.35,0.94,10,0,0.55
"1182",7.2,0.36,0.46,2.1,0.074,24,44,0.99534,3.4,0.85,11,1,0.46
"1183",6.2,0.39,0.43,2,0.071,14,24,0.99428,3.45,0.87,11.2,1,0.43
"1184",6.8,0.65,0.02,2.1,0.078,8,15,0.99498,3.35,0.62,10.4,1,0.02
"1185",6.6,0.44,0.15,2.1,0.076,22,53,0.9957,3.32,0.62,9.3,0,0.15
"1186",6.8,0.65,0.02,2.1,0.078,8,15,0.99498,3.35,0.62,10.4,1,0.02
"1187",9.6,0.38,0.42,1.9,0.071,5,13,0.99659,3.15,0.75,10.5,1,0.42
"1188",10.2,0.33,0.46,1.9,0.081,6,9,0.99628,3.1,0.48,10.4,1,0.46
"1189",8.8,0.27,0.46,2.1,0.095,20,29,0.99488,3.26,0.56,11.3,1,0.46
"1190",7.9,0.57,0.31,2,0.079,10,79,0.99677,3.29,0.69,9.5,1,0.31
"1191",8.2,0.34,0.37,1.9,0.057,43,74,0.99408,3.23,0.81,12,1,0.37
"1192",8.2,0.4,0.31,1.9,0.082,8,24,0.996,3.24,0.69,10.6,1,0.31
"1193",9,0.39,0.4,1.3,0.044,25,50,0.99478,3.2,0.83,10.9,1,0.4
"1194",10.9,0.32,0.52,1.8,0.132,17,44,0.99734,3.28,0.77,11.5,1,0.52
"1195",10.9,0.32,0.52,1.8,0.132,17,44,0.99734,3.28,0.77,11.5,1,0.52
"1196",8.1,0.53,0.22,2.2,0.078,33,89,0.99678,3.26,0.46,9.6,1,0.22
"1197",10.5,0.36,0.47,2.2,0.074,9,23,0.99638,3.23,0.76,12,1,0.47
"1198",12.6,0.39,0.49,2.5,0.08,8,20,0.9992,3.07,0.82,10.3,1,0.49
"1199",9.2,0.46,0.23,2.6,0.091,18,77,0.99922,3.15,0.51,9.4,0,0.23
"1200",7.5,0.58,0.03,4.1,0.08,27,46,0.99592,3.02,0.47,9.2,0,0.03
"1201",9,0.58,0.25,2,0.104,8,21,0.99769,3.27,0.72,9.6,0,0.25
"1202",5.1,0.42,NA,1.8,0.044,18,88,0.99157,3.68,0.73,13.6,1,0
"1203",7.6,0.43,0.29,2.1,0.075,19,66,0.99718,3.4,0.64,9.5,0,0.29
"1204",7.7,0.18,0.34,2.7,0.066,15,58,0.9947,3.37,0.78,11.8,1,0.34
"1205",7.8,0.815,0.01,2.6,0.074,48,90,0.99621,3.38,0.62,10.8,0,0.01
"1206",7.6,0.43,0.29,2.1,0.075,19,66,0.99718,3.4,0.64,9.5,0,0.29
"1207",10.2,0.23,0.37,2.2,0.057,14,36,0.99614,3.23,0.49,9.3,0,0.37
"1208",7.1,0.75,0.01,2.2,0.059,11,18,0.99242,3.39,0.4,12.8,1,0.01
"1209",6,0.33,0.32,12.9,0.054,6,113,0.99572,3.3,0.56,11.5,0,0.32
"1210",7.8,0.55,NA,1.7,0.07,7,17,0.99659,3.26,0.64,9.4,1,0
"1211",7.1,0.75,0.01,2.2,0.059,11,18,0.99242,3.39,0.4,12.8,1,0.01
"1212",8.1,0.73,NA,2.5,0.081,12,24,0.99798,3.38,0.46,9.6,0,0
"1213",6.5,0.67,NA,4.3,0.057,11,20,0.99488,3.45,0.56,11.8,0,0
"1214",7.5,0.61,0.2,1.7,0.076,36,60,0.99494,3.1,0.4,9.3,0,0.2
"1215",9.8,0.37,0.39,2.5,0.079,28,65,0.99729,3.16,0.59,9.8,0,0.39
"1216",9,0.4,0.41,2,0.058,15,40,0.99414,3.22,0.6,12.2,1,0.41
"1217",8.3,0.56,0.22,2.4,0.082,10,86,0.9983,3.37,0.62,9.5,0,0.22
"1218",5.9,0.29,0.25,13.4,0.067,72,160,0.99721,3.33,0.54,10.3,1,0.25
"1219",7.4,0.55,0.19,1.8,0.082,15,34,0.99655,3.49,0.68,10.5,0,0.19
"1220",7.4,0.74,0.07,1.7,0.086,15,48,0.99502,3.12,0.48,10,0,0.07
"1221",7.4,0.55,0.19,1.8,0.082,15,34,0.99655,3.49,0.68,10.5,0,0.19
"1222",6.9,0.41,0.33,2.2,0.081,22,36,0.9949,3.41,0.75,11.1,1,0.33
"1223",7.1,0.6,0.01,2.3,0.079,24,37,0.99514,3.4,0.61,10.9,1,0.01
"1224",7.1,0.6,0.01,2.3,0.079,24,37,0.99514,3.4,0.61,10.9,1,0.01
"1225",7.5,0.58,0.14,2.2,0.077,27,60,0.9963,3.28,0.59,9.8,0,0.14
"1226",7.1,0.72,NA,1.8,0.123,6,14,0.99627,3.45,0.58,9.8,0,0
"1227",7.9,0.66,NA,1.4,0.096,6,13,0.99569,3.43,0.58,9.5,0,0
"1228",7.8,0.7,0.06,1.9,0.079,20,35,0.99628,3.4,0.69,10.9,0,0.06
"1229",6.1,0.64,0.02,2.4,0.069,26,46,0.99358,3.47,0.45,11,0,0.02
"1230",7.5,0.59,0.22,1.8,0.082,43,60,0.99499,3.1,0.42,9.2,1,0.22
"1231",7,0.58,0.28,4.8,0.085,12,69,0.99633,3.32,0.7,11,1,0.28
"1232",6.8,0.64,NA,2.7,0.123,15,33,0.99538,3.44,0.63,11.3,1,0
"1233",6.8,0.64,NA,2.7,0.123,15,33,0.99538,3.44,0.63,11.3,1,0
"1234",8.6,0.635,0.68,1.8,0.403,19,56,0.99632,3.02,1.15,9.3,0,0.68
"1235",6.3,1.02,NA,2,0.083,17,24,0.99437,3.59,0.55,11.2,0,0
"1236",9.8,0.45,0.38,2.5,0.081,34,66,0.99726,3.15,0.58,9.8,0,0.38
"1237",8.2,0.78,NA,2.2,0.089,13,26,0.9978,3.37,0.46,9.6,0,0
"1238",8.5,0.37,0.32,1.8,0.066,26,51,0.99456,3.38,0.72,11.8,1,0.32
"1239",7.2,0.57,0.05,2.3,0.081,16,36,0.99564,3.38,0.6,10.3,1,0.05
"1240",7.2,0.57,0.05,2.3,0.081,16,36,0.99564,3.38,0.6,10.3,1,0.05
"1241",10.4,0.43,0.5,2.3,0.068,13,19,0.996,3.1,0.87,11.4,1,0.5
"1242",6.9,0.41,0.31,2,0.079,21,51,0.99668,3.47,0.55,9.5,1,0.31
"1243",5.5,0.49,0.03,1.8,0.044,28,87,0.9908,3.5,0.82,14,1,0.03
"1244",5,0.38,0.01,1.6,0.048,26,60,0.99084,3.7,0.75,14,1,0.01
"1245",7.3,0.44,0.2,1.6,0.049,24,64,0.9935,3.38,0.57,11.7,1,0.2
"1246",5.9,0.46,NA,1.9,0.077,25,44,0.99385,3.5,0.53,11.2,0,0
"1247",7.5,0.58,0.2,2,0.073,34,44,0.99494,3.1,0.43,9.3,0,0.2
"1248",7.8,0.58,0.13,2.1,0.102,17,36,0.9944,3.24,0.53,11.2,1,0.13
"1249",8,0.715,0.22,2.3,0.075,13,81,0.99688,3.24,0.54,9.5,1,0.22
"1250",8.5,0.4,0.4,6.3,0.05,3,10,0.99566,3.28,0.56,12,0,0.4
"1251",7,0.69,NA,1.9,0.114,3,10,0.99636,3.35,0.6,9.7,1,0
"1252",8,0.715,0.22,2.3,0.075,13,81,0.99688,3.24,0.54,9.5,1,0.22
"1253",9.8,0.3,0.39,1.7,0.062,3,9,0.9948,3.14,0.57,11.5,1,0.39
"1254",7.1,0.46,0.2,1.9,0.077,28,54,0.9956,3.37,0.64,10.4,1,0.2
"1255",7.1,0.46,0.2,1.9,0.077,28,54,0.9956,3.37,0.64,10.4,1,0.2
"1256",7.9,0.765,NA,2,0.084,9,22,0.99619,3.33,0.68,10.9,1,0
"1257",8.7,0.63,0.28,2.7,0.096,17,69,0.99734,3.26,0.63,10.2,1,0.28
"1258",7,0.42,0.19,2.3,0.071,18,36,0.99476,3.39,0.56,10.9,0,0.19
"1259",11.3,0.37,0.5,1.8,0.09,20,47,0.99734,3.15,0.57,10.5,0,0.5
"1260",7.1,0.16,0.44,2.5,0.068,17,31,0.99328,3.35,0.54,12.4,1,0.44
"1261",8,0.6,0.08,2.6,0.056,3,7,0.99286,3.22,0.37,13,0,0.08
"1262",7,0.6,0.3,4.5,0.068,20,110,0.99914,3.3,1.17,10.2,0,0.3
"1263",7,0.6,0.3,4.5,0.068,20,110,0.99914,3.3,1.17,10.2,0,0.3
"1264",7.6,0.74,NA,1.9,0.1,6,12,0.99521,3.36,0.59,11,0,0
"1265",8.2,0.635,0.1,2.1,0.073,25,60,0.99638,3.29,0.75,10.9,1,0.1
"1266",5.9,0.395,0.13,2.4,0.056,14,28,0.99362,3.62,0.67,12.4,1,0.13
"1267",7.5,0.755,NA,1.9,0.084,6,12,0.99672,3.34,0.49,9.7,0,0
"1268",8.2,0.635,0.1,2.1,0.073,25,60,0.99638,3.29,0.75,10.9,1,0.1
"1269",6.6,0.63,NA,4.3,0.093,51,77.5,0.99558,3.2,0.45,9.5,0,0
"1270",6.6,0.63,NA,4.3,0.093,51,77.5,0.99558,3.2,0.45,9.5,0,0
"1271",7.2,0.53,0.14,2.1,0.064,15,29,0.99323,3.35,0.61,12.1,1,0.14
"1272",5.7,0.6,NA,1.4,0.063,11,18,0.99191,3.45,0.56,12.2,1,0
"1273",7.6,1.58,NA,2.1,0.137,5,9,0.99476,3.5,0.4,10.9,0,0
"1274",5.2,0.645,NA,2.15,0.08,15,28,0.99444,3.78,0.61,12.5,1,0
"1275",6.7,0.86,0.07,2,0.1,20,57,0.99598,3.6,0.74,11.7,1,0.07
"1276",9.1,0.37,0.32,2.1,0.064,4,15,0.99576,3.3,0.8,11.2,1,0.32
"1277",8,0.28,0.44,1.8,0.081,28,68,0.99501,3.36,0.66,11.2,0,0.44
"1278",7.6,0.79,0.21,2.3,0.087,21,68,0.9955,3.12,0.44,9.2,0,0.21
"1279",7.5,0.61,0.26,1.9,0.073,24,88,0.99612,3.3,0.53,9.8,0,0.26
"1280",9.7,0.69,0.32,2.5,0.088,22,91,0.9979,3.29,0.62,10.1,0,0.32
"1281",6.8,0.68,0.09,3.9,0.068,15,29,0.99524,3.41,0.52,11.1,0,0.09
"1282",9.7,0.69,0.32,2.5,0.088,22,91,0.9979,3.29,0.62,10.1,0,0.32
"1283",7,0.62,0.1,1.4,0.071,27,63,0.996,3.28,0.61,9.2,0,0.1
"1284",7.5,0.61,0.26,1.9,0.073,24,88,0.99612,3.3,0.53,9.8,0,0.26
"1285",6.5,0.51,0.15,3,0.064,12,27,0.9929,3.33,0.59,12.8,1,0.15
"1286",8,1.18,0.21,1.9,0.083,14,41,0.99532,3.34,0.47,10.5,0,0.21
"1287",7,0.36,0.21,2.3,0.086,20,65,0.99558,3.4,0.54,10.1,1,0.21
"1288",7,0.36,0.21,2.4,0.086,24,69,0.99556,3.4,0.53,10.1,1,0.21
"1289",7.5,0.63,0.27,2,0.083,17,91,0.99616,3.26,0.58,9.8,1,0.27
"1290",9.9,0.44,0.46,2.2,0.091,10,41,0.99638,3.18,0.69,11.9,1,0.46
"1291",7.5,0.63,0.27,2,0.083,17,91,0.99616,3.26,0.58,9.8,1,0.27
"1292",9.7,0.66,0.34,2.6,0.094,12,88,0.99796,3.26,0.66,10.1,0,0.34
"1293",9.1,0.34,0.42,1.8,0.058,9,18,0.99392,3.18,0.55,11.4,0,0.42
"1294",9.1,0.36,0.39,1.8,0.06,21,55,0.99495,3.18,0.82,11,1,0.39
"1295",6.7,0.46,0.24,1.7,0.077,18,34,0.9948,3.39,0.6,10.6,1,0.24
"1296",6.7,0.46,0.24,1.7,0.077,18,34,0.9948,3.39,0.6,10.6,1,0.24
"1297",6.7,0.46,0.24,1.7,0.077,18,34,0.9948,3.39,0.6,10.6,1,0.24
"1298",6.7,0.46,0.24,1.7,0.077,18,34,0.9948,3.39,0.6,10.6,1,0.24
"1299",6.5,0.52,0.11,1.8,0.073,13,38,0.9955,3.34,0.52,9.3,0,0.11
"1300",7.4,0.6,0.26,2.1,0.083,17,91,0.99616,3.29,0.56,9.8,1,0.26
"1301",7.4,0.6,0.26,2.1,0.083,17,91,0.99616,3.29,0.56,9.8,1,0.26
"1302",7.8,0.87,0.26,3.8,0.107,31,67,0.99668,3.26,0.46,9.2,0,0.26
"1303",8.4,0.39,0.1,1.7,0.075,6,25,0.99581,3.09,0.43,9.7,1,0.1
"1304",9.1,0.775,0.22,2.2,0.079,12,48,0.9976,3.18,0.51,9.6,0,0.22
"1305",7.2,0.835,NA,2,0.166,4,11,0.99608,3.39,0.52,10,0,0
"1306",6.6,0.58,0.02,2.4,0.069,19,40,0.99387,3.38,0.66,12.6,1,0.02
"1307",6,0.5,NA,1.4,0.057,15,26,0.99448,3.36,0.45,9.5,0,0
"1308",6,0.5,NA,1.4,0.057,15,26,0.99448,3.36,0.45,9.5,0,0
"1309",6,0.5,NA,1.4,0.057,15,26,0.99448,3.36,0.45,9.5,0,0
"1310",7.5,0.51,0.02,1.7,0.084,13,31,0.99538,3.36,0.54,10.5,1,0.02
"1311",7.5,0.51,0.02,1.7,0.084,13,31,0.99538,3.36,0.54,10.5,1,0.02
"1312",7.5,0.51,0.02,1.7,0.084,13,31,0.99538,3.36,0.54,10.5,1,0.02
"1313",7.6,0.54,0.02,1.7,0.085,17,31,0.99589,3.37,0.51,10.4,1,0.02
"1314",7.5,0.51,0.02,1.7,0.084,13,31,0.99538,3.36,0.54,10.5,1,0.02
"1315",11.5,0.42,0.48,2.6,0.077,8,20,0.99852,3.09,0.53,11,0,0.48
"1316",8.2,0.44,0.24,2.3,0.063,10,28,0.99613,3.25,0.53,10.2,1,0.24
"1317",6.1,0.59,0.01,2.1,0.056,5,13,0.99472,3.52,0.56,11.4,0,0.01
"1318",7.2,0.655,0.03,1.8,0.078,7,12,0.99587,3.34,0.39,9.5,0,0.03
"1319",7.2,0.655,0.03,1.8,0.078,7,12,0.99587,3.34,0.39,9.5,0,0.03
"1320",6.9,0.57,NA,2.8,0.081,21,41,0.99518,3.41,0.52,10.8,0,0
"1321",9,0.6,0.29,2,0.069,32,73,0.99654,3.34,0.57,10,0,0.29
"1322",7.2,0.62,0.01,2.3,0.065,8,46,0.99332,3.32,0.51,11.8,1,0.01
"1323",7.6,0.645,0.03,1.9,0.086,14,57,0.9969,3.37,0.46,10.3,0,0.03
"1324",7.6,0.645,0.03,1.9,0.086,14,57,0.9969,3.37,0.46,10.3,0,0.03
"1325",7.2,0.58,0.03,2.3,0.077,7,28,0.99568,3.35,0.52,10,0,0.03
"1326",6.1,0.32,0.25,1.8,0.086,5,32,0.99464,3.36,0.44,10.1,0,0.25
"1327",6.1,0.34,0.25,1.8,0.084,4,28,0.99464,3.36,0.44,10.1,0,0.25
"1328",7.3,0.43,0.24,2.5,0.078,27,67,0.99648,3.6,0.59,11.1,1,0.24
"1329",7.4,0.64,0.17,5.4,0.168,52,98,0.99736,3.28,0.5,9.5,0,0.17
"1330",11.6,0.475,0.4,1.4,0.091,6,28,0.99704,3.07,0.65,10.0333333333333,1,0.4
"1331",9.2,0.54,0.31,2.3,0.112,11,38,0.99699,3.24,0.56,10.9,0,0.31
"1332",8.3,0.85,0.14,2.5,0.093,13,54,0.99724,3.36,0.54,10.1,0,0.14
"1333",11.6,0.475,0.4,1.4,0.091,6,28,0.99704,3.07,0.65,10.0333333333333,1,0.4
"1334",8,0.83,0.27,2,0.08,11,63,0.99652,3.29,0.48,9.8,0,0.27
"1335",7.2,0.605,0.02,1.9,0.096,10,31,0.995,3.46,0.53,11.8,1,0.02
"1336",7.8,0.5,0.09,2.2,0.115,10,42,0.9971,3.18,0.62,9.5,0,0.09
"1337",7.3,0.74,0.08,1.7,0.094,10,45,0.99576,3.24,0.5,9.8,0,0.08
"1338",6.9,0.54,0.3,2.2,0.088,9,105,0.99725,3.25,1.18,10.5,1,0.3
"1339",8,0.77,0.32,2.1,0.079,16,74,0.99656,3.27,0.5,9.8,1,0.32
"1340",6.6,0.61,NA,1.6,0.069,4,8,0.99396,3.33,0.37,10.4,0,0
"1341",8.7,0.78,0.51,1.7,0.415,12,66,0.99623,3,1.17,9.2,0,0.51
"1342",7.5,0.58,0.56,3.1,0.153,5,14,0.99476,3.21,1.03,11.6,1,0.56
"1343",8.7,0.78,0.51,1.7,0.415,12,66,0.99623,3,1.17,9.2,0,0.51
"1344",7.7,0.75,0.27,3.8,0.11,34,89,0.99664,3.24,0.45,9.3,0,0.27
"1345",6.8,0.815,NA,1.2,0.267,16,29,0.99471,3.32,0.51,9.8,0,0
"1346",7.2,0.56,0.26,2,0.083,13,100,0.99586,3.26,0.52,9.9,0,0.26
"1347",8.2,0.885,0.2,1.4,0.086,7,31,0.9946,3.11,0.46,10,0,0.2
"1348",5.2,0.49,0.26,2.3,0.09,23,74,0.9953,3.71,0.62,12.2,1,0.26
"1349",7.2,0.45,0.15,2,0.078,10,28,0.99609,3.29,0.51,9.9,1,0.15
"1350",7.5,0.57,0.02,2.6,0.077,11,35,0.99557,3.36,0.62,10.8,1,0.02
"1351",7.5,0.57,0.02,2.6,0.077,11,35,0.99557,3.36,0.62,10.8,1,0.02
"1352",6.8,0.83,0.09,1.8,0.074,4,25,0.99534,3.38,0.45,9.6,0,0.09
"1353",8,0.6,0.22,2.1,0.08,25,105,0.99613,3.3,0.49,9.9,0,0.22
"1354",8,0.6,0.22,2.1,0.08,25,105,0.99613,3.3,0.49,9.9,0,0.22
"1355",7.1,0.755,0.15,1.8,0.107,20,84,0.99593,3.19,0.5,9.5,0,0.15
"1356",8,0.81,0.25,3.4,0.076,34,85,0.99668,3.19,0.42,9.2,0,0.25
"1357",7.4,0.64,0.07,1.8,0.1,8,23,0.9961,3.3,0.58,9.6,0,0.07
"1358",7.4,0.64,0.07,1.8,0.1,8,23,0.9961,3.3,0.58,9.6,0,0.07
"1359",6.6,0.64,0.31,6.1,0.083,7,49,0.99718,3.35,0.68,10.3,0,0.31
"1360",6.7,0.48,0.02,2.2,0.08,36,111,0.99524,3.1,0.53,9.7,0,0.02
"1361",6,0.49,NA,2.3,0.068,15,33,0.99292,3.58,0.59,12.5,1,0
"1362",8,0.64,0.22,2.4,0.094,5,33,0.99612,3.37,0.58,11,0,0.22
"1363",7.1,0.62,0.06,1.3,0.07,5,12,0.9942,3.17,0.48,9.8,0,0.06
"1364",8,0.52,0.25,2,0.078,19,59,0.99612,3.3,0.48,10.2,0,0.25
"1365",6.4,0.57,0.14,3.9,0.07,27,73,0.99669,3.32,0.48,9.2,0,0.14
"1366",8.6,0.685,0.1,1.6,0.092,3,12,0.99745,3.31,0.65,9.55,1,0.1
"1367",8.7,0.675,0.1,1.6,0.09,4,11,0.99745,3.31,0.65,9.55,0,0.1
"1368",7.3,0.59,0.26,2,0.08,17,104,0.99584,3.28,0.52,9.9,0,0.26
"1369",7,0.6,0.12,2.2,0.083,13,28,0.9966,3.52,0.62,10.2,1,0.12
"1370",7.2,0.67,NA,2.2,0.068,10,24,0.9956,3.42,0.72,11.1,1,0
"1371",7.9,0.69,0.21,2.1,0.08,33,141,0.9962,3.25,0.51,9.9,0,0.21
"1372",7.9,0.69,0.21,2.1,0.08,33,141,0.9962,3.25,0.51,9.9,0,0.21
"1373",7.6,0.3,0.42,2,0.052,6,24,0.9963,3.44,0.82,11.9,1,0.42
"1374",7.2,0.33,0.33,1.7,0.061,3,13,0.996,3.23,1.1,10,1,0.33
"1375",8,0.5,0.39,2.6,0.082,12,46,0.9985,3.43,0.62,10.7,1,0.39
"1376",7.7,0.28,0.3,2,0.062,18,34,0.9952,3.28,0.9,11.3,1,0.3
"1377",8.2,0.24,0.34,5.1,0.062,8,22,0.9974,3.22,0.94,10.9,1,0.34
"1378",6,0.51,NA,2.1,0.064,40,54,0.995,3.54,0.93,10.7,1,0
"1379",8.1,0.29,0.36,2.2,0.048,35,53,0.995,3.27,1.01,12.4,1,0.36
"1380",6,0.51,NA,2.1,0.064,40,54,0.995,3.54,0.93,10.7,1,0
"1381",6.6,0.96,NA,1.8,0.082,5,16,0.9936,3.5,0.44,11.9,1,0
"1382",6.4,0.47,0.4,2.4,0.071,8,19,0.9963,3.56,0.73,10.6,1,0.4
"1383",8.2,0.24,0.34,5.1,0.062,8,22,0.9974,3.22,0.94,10.9,1,0.34
"1384",9.9,0.57,0.25,2,0.104,12,89,0.9963,3.04,0.9,10.1,0,0.25
"1385",10,0.32,0.59,2.2,0.077,3,15,0.9994,3.2,0.78,9.6,0,0.59
"1386",6.2,0.58,NA,1.6,0.065,8,18,0.9966,3.56,0.84,9.4,0,0
"1387",10,0.32,0.59,2.2,0.077,3,15,0.9994,3.2,0.78,9.6,0,0.59
"1388",7.3,0.34,0.33,2.5,0.064,21,37,0.9952,3.35,0.77,12.1,1,0.33
"1389",7.8,0.53,0.01,1.6,0.077,3,19,0.995,3.16,0.46,9.8,0,0.01
"1390",7.7,0.64,0.21,2.2,0.077,32,133,0.9956,3.27,0.45,9.9,0,0.21
"1391",7.8,0.53,0.01,1.6,0.077,3,19,0.995,3.16,0.46,9.8,0,0.01
"1392",7.5,0.4,0.18,1.6,0.079,24,58,0.9965,3.34,0.58,9.4,0,0.18
"1393",7,0.54,NA,2.1,0.079,39,55,0.9956,3.39,0.84,11.4,1,0
"1394",6.4,0.53,0.09,3.9,0.123,14,31,0.9968,3.5,0.67,11,0,0.09
"1395",8.3,0.26,0.37,1.4,0.076,8,23,0.9974,3.26,0.7,9.6,1,0.37
"1396",8.3,0.26,0.37,1.4,0.076,8,23,0.9974,3.26,0.7,9.6,1,0.37
"1397",7.7,0.23,0.37,1.8,0.046,23,60,0.9971,3.41,0.71,12.1,1,0.37
"1398",7.6,0.41,0.33,2.5,0.078,6,23,0.9957,3.3,0.58,11.2,0,0.33
"1399",7.8,0.64,NA,1.9,0.072,27,55,0.9962,3.31,0.63,11,0,0
"1400",7.9,0.18,0.4,2.2,0.049,38,67,0.996,3.33,0.93,11.3,0,0.4
"1401",7.4,0.41,0.24,1.8,0.066,18,47,0.9956,3.37,0.62,10.4,0,0.24
"1402",7.6,0.43,0.31,2.1,0.069,13,74,0.9958,3.26,0.54,9.9,1,0.31
"1403",5.9,0.44,NA,1.6,0.042,3,11,0.9944,3.48,0.85,11.7,1,0
"1404",6.1,0.4,0.16,1.8,0.069,11,25,0.9955,3.42,0.74,10.1,1,0.16
"1405",10.2,0.54,0.37,15.4,0.214,55,95,1.00369,3.18,0.77,9,1,0.37
"1406",10.2,0.54,0.37,15.4,0.214,55,95,1.00369,3.18,0.77,9,1,0.37
"1407",10,0.38,0.38,1.6,0.169,27,90,0.99914,3.15,0.65,8.5,0,0.38
"1408",6.8,0.915,0.29,4.8,0.07,15,39,0.99577,3.53,0.54,11.1,0,0.29
"1409",7,0.59,NA,1.7,0.052,3,8,0.996,3.41,0.47,10.3,0,0
"1410",7.3,0.67,0.02,2.2,0.072,31,92,0.99566,3.32,0.68,11.0666666666667,1,0.02
"1411",7.2,0.37,0.32,2,0.062,15,28,0.9947,3.23,0.73,11.3,1,0.32
"1412",7.4,0.785,0.19,5.2,0.094,19,98,0.99713,3.16,0.52,9.56666666666667,1,0.19
"1413",6.9,0.63,0.02,1.9,0.078,18,30,0.99712,3.4,0.75,9.8,0,0.02
"1414",6.9,0.58,0.2,1.75,0.058,8,22,0.99322,3.38,0.49,11.7,0,0.2
"1415",7.3,0.67,0.02,2.2,0.072,31,92,0.99566,3.32,0.68,11.1,1,0.02
"1416",7.4,0.785,0.19,5.2,0.094,19,98,0.99713,3.16,0.52,9.6,1,0.19
"1417",6.9,0.63,0.02,1.9,0.078,18,30,0.99712,3.4,0.75,9.8,0,0.02
"1418",6.8,0.67,NA,1.9,0.08,22,39,0.99701,3.4,0.74,9.7,0,0
"1419",6.9,0.58,0.01,1.9,0.08,40,54,0.99683,3.4,0.73,9.7,0,0.01
"1420",7.2,0.38,0.31,2,0.056,15,29,0.99472,3.23,0.76,11.3,1,0.31
"1421",7.2,0.37,0.32,2,0.062,15,28,0.9947,3.23,0.73,11.3,1,0.32
"1422",7.8,0.32,0.44,2.7,0.104,8,17,0.99732,3.33,0.78,11,1,0.44
"1423",6.6,0.58,0.02,2,0.062,37,53,0.99374,3.35,0.76,11.6,1,0.02
"1424",7.6,0.49,0.33,1.9,0.074,27,85,0.99706,3.41,0.58,9,0,0.33
"1425",11.7,0.45,0.63,2.2,0.073,7,23,0.99974,3.21,0.69,10.9,1,0.63
"1426",6.5,0.9,NA,1.6,0.052,9,17,0.99467,3.5,0.63,10.9,1,0
"1427",6,0.54,0.06,1.8,0.05,38,89,0.99236,3.3,0.5,10.55,1,0.06
"1428",7.6,0.49,0.33,1.9,0.074,27,85,0.99706,3.41,0.58,9,0,0.33
"1429",8.4,0.29,0.4,1.7,0.067,8,20,0.99603,3.39,0.6,10.5,0,0.4
"1430",7.9,0.2,0.35,1.7,0.054,7,15,0.99458,3.32,0.8,11.9,1,0.35
"1431",6.4,0.42,0.09,2.3,0.054,34,64,0.99724,3.41,0.68,10.4,1,0.09
"1432",6.2,0.785,NA,2.1,0.06,6,13,0.99664,3.59,0.61,10,0,0
"1433",6.8,0.64,0.03,2.3,0.075,14,31,0.99545,3.36,0.58,10.4,1,0.03
"1434",6.9,0.63,0.01,2.4,0.076,14,39,0.99522,3.34,0.53,10.8,1,0.01
"1435",6.8,0.59,0.1,1.7,0.063,34,53,0.9958,3.41,0.67,9.7,0,0.1
"1436",6.8,0.59,0.1,1.7,0.063,34,53,0.9958,3.41,0.67,9.7,0,0.1
"1437",7.3,0.48,0.32,2.1,0.062,31,54,0.99728,3.3,0.65,10,1,0.32
"1438",6.7,1.04,0.08,2.3,0.067,19,32,0.99648,3.52,0.57,11,0,0.08
"1439",7.3,0.48,0.32,2.1,0.062,31,54,0.99728,3.3,0.65,10,1,0.32
"1440",7.3,0.98,0.05,2.1,0.061,20,49,0.99705,3.31,0.55,9.7,0,0.05
"1441",6.7,0.7,0.08,3.75,0.067,8,16,0.99334,3.43,0.52,12.6,0,0.08
"1442",7.6,0.35,0.6,2.6,0.073,23,44,0.99656,3.38,0.79,11.1,1,0.6
"1443",6.1,0.6,0.08,1.8,0.071,14,45,0.99336,3.38,0.54,11,0,0.08
"1444",9.9,0.5,0.5,13.8,0.205,48,82,1.00242,3.16,0.75,8.8,0,0.5
"1445",5.3,0.47,0.11,2.2,0.048,16,89,0.99182,3.54,0.88,13.5666666666667,1,0.11
"1446",9.9,0.5,0.5,13.8,0.205,48,82,1.00242,3.16,0.75,8.8,0,0.5
"1447",5.3,0.47,0.11,2.2,0.048,16,89,0.99182,3.54,0.88,13.6,1,0.11
"1448",7.1,0.875,0.05,5.7,0.082,3,14,0.99808,3.4,0.52,10.2,0,0.05
"1449",8.2,0.28,0.6,3,0.104,10,22,0.99828,3.39,0.68,10.6,0,0.6
"1450",5.6,0.62,0.03,1.5,0.08,6,13,0.99498,3.66,0.62,10.1,0,0.03
"1451",8.2,0.28,0.6,3,0.104,10,22,0.99828,3.39,0.68,10.6,0,0.6
"1452",7.2,0.58,0.54,2.1,0.114,3,9,0.99719,3.33,0.57,10.3,0,0.54
"1453",8.1,0.33,0.44,1.5,0.042,6,12,0.99542,3.35,0.61,10.7,0,0.44
"1454",6.8,0.91,0.06,2,0.06,4,11,0.99592,3.53,0.64,10.9,0,0.06
"1455",7,0.655,0.16,2.1,0.074,8,25,0.99606,3.37,0.55,9.7,0,0.16
"1456",6.8,0.68,0.21,2.1,0.07,9,23,0.99546,3.38,0.6,10.3,0,0.21
"1457",6,0.64,0.05,1.9,0.066,9,17,0.99496,3.52,0.78,10.6,0,0.05
"1458",5.6,0.54,0.04,1.7,0.049,5,13,0.9942,3.72,0.58,11.4,0,0.04
"1459",6.2,0.57,0.1,2.1,0.048,4,11,0.99448,3.44,0.76,10.8,1,0.1
"1460",7.1,0.22,0.49,1.8,0.039,8,18,0.99344,3.39,0.56,12.4,1,0.49
"1461",5.6,0.54,0.04,1.7,0.049,5,13,0.9942,3.72,0.58,11.4,0,0.04
"1462",6.2,0.65,0.06,1.6,0.05,6,18,0.99348,3.57,0.54,11.95,0,0.06
"1463",7.7,0.54,0.26,1.9,0.089,23,147,0.99636,3.26,0.59,9.7,0,0.26
"1464",6.4,0.31,0.09,1.4,0.066,15,28,0.99459,3.42,0.7,10,1,0.09
"1465",7,0.43,0.02,1.9,0.08,15,28,0.99492,3.35,0.81,10.6,1,0.02
"1466",7.7,0.54,0.26,1.9,0.089,23,147,0.99636,3.26,0.59,9.7,0,0.26
"1467",6.9,0.74,0.03,2.3,0.054,7,16,0.99508,3.45,0.63,11.5,1,0.03
"1468",6.6,0.895,0.04,2.3,0.068,7,13,0.99582,3.53,0.58,10.8,1,0.04
"1469",6.9,0.74,0.03,2.3,0.054,7,16,0.99508,3.45,0.63,11.5,1,0.03
"1470",7.5,0.725,0.04,1.5,0.076,8,15,0.99508,3.26,0.53,9.6,0,0.04
"1471",7.8,0.82,0.29,4.3,0.083,21,64,0.99642,3.16,0.53,9.4,0,0.29
"1472",7.3,0.585,0.18,2.4,0.078,15,60,0.99638,3.31,0.54,9.8,0,0.18
"1473",6.2,0.44,0.39,2.5,0.077,6,14,0.99555,3.51,0.69,11,1,0.39
"1474",7.5,0.38,0.57,2.3,0.106,5,12,0.99605,3.36,0.55,11.4,1,0.57
"1475",6.7,0.76,0.02,1.8,0.078,6,12,0.996,3.55,0.63,9.95,0,0.02
"1476",6.8,0.81,0.05,2,0.07,6,14,0.99562,3.51,0.66,10.8,1,0.05
"1477",7.5,0.38,0.57,2.3,0.106,5,12,0.99605,3.36,0.55,11.4,1,0.57
"1478",7.1,0.27,0.6,2.1,0.074,17,25,0.99814,3.38,0.72,10.6,1,0.6
"1479",7.9,0.18,0.4,1.8,0.062,7,20,0.9941,3.28,0.7,11.1,0,0.4
"1480",6.4,0.36,0.21,2.2,0.047,26,48,0.99661,3.47,0.77,9.7,1,0.21
"1481",7.1,0.69,0.04,2.1,0.068,19,27,0.99712,3.44,0.67,9.8,0,0.04
"1482",6.4,0.79,0.04,2.2,0.061,11,17,0.99588,3.53,0.65,10.4,1,0.04
"1483",6.4,0.56,0.15,1.8,0.078,17,65,0.99294,3.33,0.6,10.5,1,0.15
"1484",6.9,0.84,0.21,4.1,0.074,16,65,0.99842,3.53,0.72,9.23333333333333,1,0.21
"1485",6.9,0.84,0.21,4.1,0.074,16,65,0.99842,3.53,0.72,9.25,1,0.21
"1486",6.1,0.32,0.25,2.3,0.071,23,58,0.99633,3.42,0.97,10.6,0,0.25
"1487",6.5,0.53,0.06,2,0.063,29,44,0.99489,3.38,0.83,10.3,1,0.06
"1488",7.4,0.47,0.46,2.2,0.114,7,20,0.99647,3.32,0.63,10.5,0,0.46
"1489",6.6,0.7,0.08,2.6,0.106,14,27,0.99665,3.44,0.58,10.2,0,0.08
"1490",6.5,0.53,0.06,2,0.063,29,44,0.99489,3.38,0.83,10.3,1,0.06
"1491",6.9,0.48,0.2,1.9,0.082,9,23,0.99585,3.39,0.43,9.05,0,0.2
"1492",6.1,0.32,0.25,2.3,0.071,23,58,0.99633,3.42,0.97,10.6,0,0.25
"1493",6.8,0.48,0.25,2,0.076,29,61,0.9953,3.34,0.6,10.4,0,0.25
"1494",6,0.42,0.19,2,0.075,22,47,0.99522,3.39,0.78,10,1,0.19
"1495",6.7,0.48,0.08,2.1,0.064,18,34,0.99552,3.33,0.64,9.7,0,0.08
"1496",6.8,0.47,0.08,2.2,0.064,18,38,0.99553,3.3,0.65,9.6,1,0.08
"1497",7.1,0.53,0.07,1.7,0.071,15,24,0.9951,3.29,0.66,10.8,1,0.07
"1498",7.9,0.29,0.49,2.2,0.096,21,59,0.99714,3.31,0.67,10.1,1,0.49
"1499",7.1,0.69,0.08,2.1,0.063,42,52,0.99608,3.42,0.6,10.2,1,0.08
"1500",6.6,0.44,0.09,2.2,0.063,9,18,0.99444,3.42,0.69,11.3,1,0.09
"1501",6.1,0.705,0.1,2.8,0.081,13,28,0.99631,3.6,0.66,10.2,0,0.1
"1502",7.2,0.53,0.13,2,0.058,18,22,0.99573,3.21,0.68,9.9,1,0.13
"1503",8,0.39,0.3,1.9,0.074,32,84,0.99717,3.39,0.61,9,0,0.3
"1504",6.6,0.56,0.14,2.4,0.064,13,29,0.99397,3.42,0.62,11.7,1,0.14
"1505",7,0.55,0.13,2.2,0.075,15,35,0.9959,3.36,0.59,9.7,1,0.13
"1506",6.1,0.53,0.08,1.9,0.077,24,45,0.99528,3.6,0.68,10.3,1,0.08
"1507",5.4,0.58,0.08,1.9,0.059,20,31,0.99484,3.5,0.64,10.2,1,0.08
"1508",6.2,0.64,0.09,2.5,0.081,15,26,0.99538,3.57,0.63,12,0,0.09
"1509",7.2,0.39,0.32,1.8,0.065,34,60,0.99714,3.46,0.78,9.9,0,0.32
"1510",6.2,0.52,0.08,4.4,0.071,11,32,0.99646,3.56,0.63,11.6,1,0.08
"1511",7.4,0.25,0.29,2.2,0.054,19,49,0.99666,3.4,0.76,10.9,1,0.29
"1512",6.7,0.855,0.02,1.9,0.064,29,38,0.99472,3.3,0.56,10.75,1,0.02
"1513",11.1,0.44,0.42,2.2,0.064,14,19,0.99758,3.25,0.57,10.4,1,0.42
"1514",8.4,0.37,0.43,2.3,0.063,12,19,0.9955,3.17,0.81,11.2,1,0.43
"1515",6.5,0.63,0.33,1.8,0.059,16,28,0.99531,3.36,0.64,10.1,1,0.33
"1516",7,0.57,0.02,2,0.072,17,26,0.99575,3.36,0.61,10.2,0,0.02
"1517",6.3,0.6,0.1,1.6,0.048,12,26,0.99306,3.55,0.51,12.1,0,0.1
"1518",11.2,0.4,0.5,2,0.099,19,50,0.99783,3.1,0.58,10.4,0,0.5
"1519",7.4,0.36,0.3,1.8,0.074,17,24,0.99419,3.24,0.7,11.4,1,0.3
"1520",7.1,0.68,NA,2.3,0.087,17,26,0.99783,3.45,0.53,9.5,0,0
"1521",7.1,0.67,NA,2.3,0.083,18,27,0.99768,3.44,0.54,9.4,0,0
"1522",6.3,0.68,0.01,3.7,0.103,32,54,0.99586,3.51,0.66,11.3,1,0.01
"1523",7.3,0.735,NA,2.2,0.08,18,28,0.99765,3.41,0.6,9.4,0,0
"1524",6.6,0.855,0.02,2.4,0.062,15,23,0.99627,3.54,0.6,11,1,0.02
"1525",7,0.56,0.17,1.7,0.065,15,24,0.99514,3.44,0.68,10.55,1,0.17
"1526",6.6,0.88,0.04,2.2,0.066,12,20,0.99636,3.53,0.56,9.9,0,0.04
"1527",6.6,0.855,0.02,2.4,0.062,15,23,0.99627,3.54,0.6,11,1,0.02
"1528",6.9,0.63,0.33,6.7,0.235,66,115,0.99787,3.22,0.56,9.5,0,0.33
"1529",7.8,0.6,0.26,2,0.08,31,131,0.99622,3.21,0.52,9.9,0,0.26
"1530",7.8,0.6,0.26,2,0.08,31,131,0.99622,3.21,0.52,9.9,0,0.26
"1531",7.8,0.6,0.26,2,0.08,31,131,0.99622,3.21,0.52,9.9,0,0.26
"1532",7.2,0.695,0.13,2,0.076,12,20,0.99546,3.29,0.54,10.1,0,0.13
"1533",7.2,0.695,0.13,2,0.076,12,20,0.99546,3.29,0.54,10.1,0,0.13
"1534",7.2,0.695,0.13,2,0.076,12,20,0.99546,3.29,0.54,10.1,0,0.13
"1535",6.7,0.67,0.02,1.9,0.061,26,42,0.99489,3.39,0.82,10.9,1,0.02
"1536",6.7,0.16,0.64,2.1,0.059,24,52,0.99494,3.34,0.71,11.2,1,0.64
"1537",7.2,0.695,0.13,2,0.076,12,20,0.99546,3.29,0.54,10.1,0,0.13
"1538",7,0.56,0.13,1.6,0.077,25,42,0.99629,3.34,0.59,9.2,0,0.13
"1539",6.2,0.51,0.14,1.9,0.056,15,34,0.99396,3.48,0.57,11.5,1,0.14
"1540",6.4,0.36,0.53,2.2,0.23,19,35,0.9934,3.37,0.93,12.4,1,0.53
"1541",6.4,0.38,0.14,2.2,0.038,15,25,0.99514,3.44,0.65,11.1,1,0.14
"1542",7.3,0.69,0.32,2.2,0.069,35,104,0.99632,3.33,0.51,9.5,0,0.32
"1543",6,0.58,0.2,2.4,0.075,15,50,0.99467,3.58,0.67,12.5,1,0.2
"1544",5.6,0.31,0.78,13.9,0.074,23,92,0.99677,3.39,0.48,10.5,1,0.78
"1545",7.5,0.52,0.4,2.2,0.06,12,20,0.99474,3.26,0.64,11.8,1,0.4
"1546",8,0.3,0.63,1.6,0.081,16,29,0.99588,3.3,0.78,10.8,1,0.63
"1547",6.2,0.7,0.15,5.1,0.076,13,27,0.99622,3.54,0.6,11.9,1,0.15
"1548",6.8,0.67,0.15,1.8,0.118,13,20,0.9954,3.42,0.67,11.3,1,0.15
"1549",6.2,0.56,0.09,1.7,0.053,24,32,0.99402,3.54,0.6,11.3,0,0.09
"1550",7.4,0.35,0.33,2.4,0.068,9,26,0.9947,3.36,0.6,11.9,1,0.33
"1551",6.2,0.56,0.09,1.7,0.053,24,32,0.99402,3.54,0.6,11.3,0,0.09
"1552",6.1,0.715,0.1,2.6,0.053,13,27,0.99362,3.57,0.5,11.9,0,0.1
"1553",6.2,0.46,0.29,2.1,0.074,32,98,0.99578,3.33,0.62,9.8,0,0.29
"1554",6.7,0.32,0.44,2.4,0.061,24,34,0.99484,3.29,0.8,11.6,1,0.44
"1555",7.2,0.39,0.44,2.6,0.066,22,48,0.99494,3.3,0.84,11.5,1,0.44
"1556",7.5,0.31,0.41,2.4,0.065,34,60,0.99492,3.34,0.85,11.4,1,0.41
"1557",5.8,0.61,0.11,1.8,0.066,18,28,0.99483,3.55,0.66,10.9,1,0.11
"1558",7.2,0.66,0.33,2.5,0.068,34,102,0.99414,3.27,0.78,12.8,1,0.33
"1559",6.6,0.725,0.2,7.8,0.073,29,79,0.9977,3.29,0.54,9.2,0,0.2
"1560",6.3,0.55,0.15,1.8,0.077,26,35,0.99314,3.32,0.82,11.6,1,0.15
"1561",5.4,0.74,0.09,1.7,0.089,16,26,0.99402,3.67,0.56,11.6,1,0.09
"1562",6.3,0.51,0.13,2.3,0.076,29,40,0.99574,3.42,0.75,11,1,0.13
"1563",6.8,0.62,0.08,1.9,0.068,28,38,0.99651,3.42,0.82,9.5,1,0.08
"1564",6.2,0.6,0.08,2,0.09,32,44,0.9949,3.45,0.58,10.5,0,0.08
"1565",5.9,0.55,0.1,2.2,0.062,39,51,0.99512,3.52,0.76,11.2,1,0.1
"1566",6.3,0.51,0.13,2.3,0.076,29,40,0.99574,3.42,0.75,11,1,0.13
"1567",5.9,0.645,0.12,2,0.075,32,44,0.99547,3.57,0.71,10.2,0,0.12
"1568",6,0.31,0.47,3.6,0.067,18,42,0.99549,3.39,0.66,11,1,0.47
